"","iso_code","country_name","world_region","past_cases","date","new_cases","new_deaths","new_cases_per_million","new_deaths_per_million","new_tests","new_tests_per_thousand","new_tests_smoothed","new_tests_smoothed_per_thousand","tests_units","stringency_index","population","population_density","median_age","aged_65_older","aged_70_older","gdp_per_capita","extreme_poverty","cardiovasc_death_rate","diabetes_prevalence","female_smokers","male_smokers","handwashing_facilities","hospital_beds_per_thousand","life_expectancy","total_cases","total_deaths","total_cases_per_million","total_deaths_per_million","total_tests","total_tests_per_thousand","C1_School.closing","C1_Flag","C2_Workplace.closing","C2_Flag","C3_Cancel.public.events","C3_Flag","C4_Restrictions.on.gatherings","C4_Flag","C5_Close.public.transport","C5_Flag","C6_Stay.at.home.requirements","C6_Flag","C7_Restrictions.on.internal.movement","C7_Flag","C8_International.travel.controls","E1_Income.support","E1_Flag","E2_Debt.contract.relief","E3_Fiscal.measures","E4_International.support","H1_Public.information.campaigns","H1_Flag","H2_Testing.policy","H3_Contact.tracing","H4_Emergency.investment.in.healthcare","H5_Investment.in.vaccines","M1_Wildcard","ConfirmedCases","ConfirmedDeaths","StringencyIndex","StringencyIndexForDisplay","StringencyLegacyIndex","StringencyLegacyIndexForDisplay","GovernmentResponseIndex","GovernmentResponseIndexForDisplay","ContainmentHealthIndex","ContainmentHealthIndexForDisplay","EconomicSupportIndex","EconomicSupportIndexForDisplay"
"1","ABW","Aruba","Latin America and the Caribbean",0.4,2020-07-29,0.2,0,1.8732,0,NA,NA,NA,NA,NA,NA,106766,584.8,41.2,13.085,7.452,35973.781,NA,NA,11.62,NA,NA,NA,NA,76.29,120,3,1123.953,28.099,NA,NA,"0",NA,"1","1","0",NA,"0",NA,"0",NA,"1","1","1","1","3","2","0","2","0","0","2","1","2","1","0","0",NA,"801","10","32.41","32.41","41.67","41.67","44.87","44.87","37.12","37.12","87.5","87.5"
"2","AFG","Afghanistan","Asia and the Pacific",268.4,2020-07-29,77,2.4,1.978,0.0618,NA,NA,NA,NA,NA,NA,38928341,54.422,18.6,2.581,1.337,1803.987,NA,597.029,9.59,NA,NA,37.746,0.5,64.83,36542,1271,938.699,32.65,NA,NA,"3","1","3","0","2","1","4","1","2","0","2","0","2","0","1","0",NA,"0","0","0","2","1","1","1","0","0",NA,"34451","1010","78.7","78.7","76.19","76.19","60.9","60.9","71.97","71.97","0","0"
"3","AGO","Angola","Africa",17.4,2020-07-29,39.6,2.6,1.2048,0.079,NA,NA,NA,NA,NA,76.39,32866268,23.89,16.8,2.405,1.362,5819.495,NA,276.045,3.94,NA,NA,26.664,NA,61.15,1078,48,32.8,1.46,NA,NA,"3","1","2","0","2","1","4","0","1","0","2","0","2","0","4","1","1","0","0","0","2","1","2","0","0","0",NA,"346","29","76.39","76.39","78.57","78.57","61.86","61.86","68.56","68.56","25","25"
"4","AIA","Anguilla","Latin America and the Caribbean",0,2020-07-29,0,0,0,0,NA,NA,NA,NA,NA,NA,15002,NA,NA,NA,NA,NA,NA,NA,NA,NA,NA,NA,NA,81.88,3,0,199.973,0,NA,NA,"2","1",NA,NA,NA,NA,NA,NA,NA,NA,NA,NA,NA,NA,NA,"1","1","1",NA,NA,"2","1",NA,"2",NA,NA,NA,"3","0",NA,"78.7",NA,"78.57",NA,NA,NA,NA,"50","50"
"5","ALB","Albania","Europe",68.6,2020-07-29,112,4,38.9186,1.39,NA,NA,NA,NA,NA,59.26,2877800,104.871,38,13.188,8.643,11803.431,1.1,304.195,10.08,7.1,51.2,NA,2.89,78.57,5197,154,1805.893,53.513,NA,NA,"2","1","2","1","2","1","4","1","1","1","0",NA,"0",NA,"2","1","1","2","0","0","2","1","1","2","0","0",NA,"2535","83","59.26","59.26","66.67","66.67","62.82","62.82","60.61","60.61","75","75"
"6","AND","Andorra","Europe",0,2020-07-29,5,0,64.7124,0,NA,NA,NA,NA,NA,47.22,77265,163.755,NA,NA,NA,NA,NA,109.135,7.97,29,37.8,NA,NA,83.73,922,52,11932.958,673.008,NA,NA,"0",NA,"2","1","2","1","3","1","1","1","1","1","0",NA,"2","2","1","2","0","0","0","1","2","1","0","0",NA,"855","52","41.67","41.67","48.81","48.81","53.21","53.21","44.7","44.7","100","100"
"7","ARE","United Arab Emirates","West Asia",420.8,2020-07-29,392.6,1.6,39.6952,0.1616,49663.6,5.0214,49185.4,4.9732,NA,50,9890400,112.442,34,1.144,0.526,67293.483,NA,317.84,17.26,1.2,37.4,NA,1.2,77.97,60525,351,6119.57,35.489,5076384,513.264,"3","1","0","0","1","1","2","1","1","1","0",NA,"1","1","2","0",NA,"2","0","0","2","1","3","2","0","0",NA,"48667","335","50","50","64.29","64.29","57.69","57.69","59.09","59.09","50","50"
"8","ARG","Argentina","Latin America and the Caribbean",2414.6,2020-07-29,5095.2,92.8,112.7362,2.0534,10216,0.226,10999,0.2435,NA,90.74,45195777,16.177,31.9,11.198,7.441,18933.907,0.6,191.032,5.5,16.2,27.7,NA,5,76.67,178983,3311,3960.171,73.259,NA,NA,"3","1","3","0","2","1","4","1","2","1","2","0","2","1","4","1","1","2","0","0","2","1","1","2","0","0",NA,"72773","2373","92.59","92.59","96.43","96.43","85.9","85.9","87.88","87.88","75","75"
"9","AUS","Australia","Asia and the Pacific",55.2,2020-07-29,470.6,8.8,18.4552,0.345,81562.5,3.1985,67343.5,2.641,NA,68.06,25499881,3.202,37.9,15.504,10.129,44648.71,0.5,107.791,5.07,13,16.5,NA,3.84,83.44,16303,189,639.336,7.412,NA,NA,"2","0","2","0","2","0","3","0","1","0","2","0","2","0","4","1","1","2","0","0","2","1","3","2","0","0",NA,"7834","104","68.06","68.06","68.57","68.57","74.04","74.04","73.86","73.86","75","75"
"10","AUT","Austria","Europe",69.2,2020-07-29,132,1.2,14.656,0.1332,10640.75,1.1815,9198.25,1.0215,NA,NA,9006400,106.749,44.4,19.202,13.748,45436.686,0.7,145.183,6.35,28.4,30.9,NA,7.37,81.54,21009,718,2332.675,79.721,NA,NA,"0",NA,"1","1","1","1","2","1","0",NA,"0",NA,"0",NA,"2","2","0","2","0","0","2","1","3","2","0","0",NA,"19679","706","31.48","31.48","38.1","38.1","50.64","50.64","43.94","43.94","87.5","87.5"
"11","AZE","Azerbaijan","Europe",534.4,2020-07-29,385.4,6.6,38.011,0.651,NA,NA,NA,NA,NA,96.3,10139175,119.309,32.4,6.018,3.871,15847.419,NA,559.812,7.11,0.3,42.5,83.241,4.7,73,31560,441,3112.679,43.495,NA,NA,"3","1","2","1","2","1","4","1","2","1","3","1","2","1","4","2","1","0","0","0","2","1","2","2","0","0",NA,"17524","213","96.3","96.3","96.43","96.43","87.18","87.18","93.94","93.94","50","50"
"12","BDI","Burundi","Africa",5.2,2020-07-29,5.2,0,0.4374,0,NA,NA,NA,NA,NA,NA,11890781,423.062,17.5,2.562,1.504,702.225,71.7,293.068,6.05,NA,NA,6.144,0.8,61.58,387,1,32.546,0.084,NA,NA,"0",NA,"0",NA,"0",NA,"0",NA,"0",NA,"3","1","0",NA,"3","0",NA,"0","0","0","1","1","2","1","0","0",NA,"191","1","25","25","34.52","34.52","26.28","26.28","31.06","31.06","0","0"
"13","BEL","Belgium","Europe",80.4,2020-07-29,267,2.2,23.038,0.1898,14001.6666666667,1.20833333333333,11351.6666666667,0.979333333333333,NA,49.77,11589616,375.564,41.8,18.571,12.849,42658.576,0.2,114.898,4.29,25.1,31.4,NA,5.64,81.63,67913,9840,5859.815,849.036,NA,NA,"0",NA,"1","1","2","1","3","1","0",NA,"0","0","0","0","3","2","0","2","0","0","2","1","2","1","0","0",NA,"67242","9790","42.59","42.59","46.43","46.43","51.92","51.92","45.45","45.45","87.5","87.5"
"14","BEN","Benin","Africa",36.4,2020-07-29,15.2,0.2,1.2538,0.0164,NA,NA,NA,NA,NA,41.67,12123198,99.11,18.8,3.244,1.942,2064.236,49.6,235.848,0.99,0.6,12.3,11.035,0.5,61.77,1770,35,146.001,2.887,NA,NA,"2","1","1","1","1","1","3","1","0",NA,"0",NA,"0",NA,"2","2","0","1","0","0","2","1","2","2","0","0",NA,"1199","21","41.67","41.67","50.71","50.71","51.28","51.28","49.24","49.24","62.5","62.5"
"15","BFA","Burkina Faso","Africa",4.2,2020-07-29,6.2,0,0.2966,0,NA,NA,NA,NA,NA,45.37,20903278,70.151,17.6,2.409,1.358,1703.102,43.7,269.048,2.42,1.6,23.9,11.877,0.4,61.58,1117,53,53.437,2.535,NA,NA,"0",NA,"0",NA,"2","1","3","1","0",NA,"1","1","0",NA,"4","0",NA,"0","0","0","2","1","1","2","0","0",NA,"987","53","45.37","45.37","50","50","41.67","41.67","49.24","49.24","0","0"
"16","BGD","Bangladesh","Asia and the Pacific",3775.4,2020-07-29,2742.2,41.8,16.6508,0.254,13159.25,0.08,11970.25,0.07275,NA,NA,164689383,1265.036,27.5,5.098,3.262,3523.984,14.8,298.003,8.38,1,44.7,34.808,0.8,72.59,234889,3083,1426.255,18.72,NA,NA,"3","1","1","1","2","1","4","0","1","1","2","0","2","0","3","0",NA,"2","0","0","2","1","2","1","0","0",NA,"145483","1847","74.54","80.09","79.76","83.33","68.27","72.12","71.59","76.14","50","50"
"17","BGR","Bulgaria","Europe",116.2,2020-07-29,221.6,7.2,31.8918,1.0362,6112.33333333333,0.879333333333333,5190.5,0.747,NA,36.11,6948445,65.18,44.7,20.801,13.272,18563.307,1.5,424.688,5.81,30.1,44.4,NA,7.454,75.05,11420,374,1643.533,53.825,NA,NA,"2","1","1","1","1","0","1","1","0",NA,"0",NA,"0",NA,"3","2","0","1","0","0","2","1","1","2","0","0",NA,"4989","262","36.11","36.11","48.57","48.57","44.87","44.87","41.67","41.67","62.5","62.5"
"18","BHR","Bahrain","West Asia",535.4,2020-07-29,401.6,1.8,236.0154,1.0578,9291,5.46033333333333,9538.5,5.6055,NA,NA,1701583,1935.907,32.4,2.372,1.387,43290.705,NA,151.689,16.52,5.8,37.6,NA,2,77.29,40755,146,23951.227,85.802,NA,NA,"3","1","2","1","2","1","4","1","0","1","1","1","1","1","3","2","0","2","0","0","2","1","3","2","0","0",NA,"26758","97","69.44","69.44","73.81","73.81","76.92","76.92","75","75","87.5","87.5"
"19","BIH","Bosnia and Herz.","Europe",131.8,2020-07-29,336,10,102.4136,3.048,NA,NA,NA,NA,NA,59.26,3280815,68.496,42.5,16.569,10.711,11713.895,0.2,329.635,10.08,30.2,47.7,97.164,3.5,77.4,11444,328,3488.158,99.975,NA,NA,"3","1","1","1","2","1","2","1","0",NA,"0",NA,"1","1","3","0","0","0","0","0","2","1","2","0","0","0",NA,"7908","190","56.48","56.48","70.24","70.24","44.23","44.23","52.27","52.27","0","0"
"20","BLR","Belarus","Europe",347.2,2020-07-29,132.6,4.6,14.0328,0.4866,NA,NA,9616.4,1.0176,NA,NA,9449321,46.858,40.3,14.799,9.788,17167.967,NA,443.129,5.18,10.5,46.1,NA,11,74.79,67665,553,7160.832,58.523,1299428,137.515,"0",NA,"0",NA,"0",NA,"0",NA,"0",NA,"0",NA,"0",NA,"2","0",NA,"0","0","0","1","1","3","2","0","0",NA,"62118","519","11.11","11.11","16.67","16.67","23.08","23.08","27.27","27.27","0","0"
"21","BLZ","Belize","Latin America and the Caribbean",1,2020-07-29,0,0,0,0,NA,NA,NA,NA,NA,NA,397621,16.426,25,3.853,2.279,7824.362,NA,176.957,17.11,NA,NA,90.083,1.3,74.62,48,2,120.718,5.03,NA,NA,"3","0","2","1","2","1","3","1","0",NA,"1","1","1","1","4","1","1","0","0","0","2","1","1","2","0","0",NA,"30","2","67.59","67.59","73.81","73.81","60.9","64.74","67.42","62.88","25","75"
"22","BMU","Bermuda","Latin America and the Caribbean",0,2020-07-29,0.6,0,9.635,0,NA,NA,NA,NA,NA,48.15,62273,1308.82,NA,NA,NA,50669.315,NA,139.547,13,NA,NA,NA,NA,82.59,156,9,2505.099,144.525,NA,NA,"1","1","1","1","1","1","3","1","0",NA,"2","1","1","1","1","2","0","1","0","0","2","1","3","2","0","0",NA,"153","9","48.15","48.15","54.29","54.29","58.33","58.33","57.58","57.58","62.5","62.5"
"23","BOL","Bolivia","Latin America and the Caribbean",943.2,2020-07-29,1390.6,71.8,119.1292,6.151,2409.33333333333,0.206333333333333,2516.66666666667,0.215666666666667,NA,NA,11673029,10.202,25.4,6.704,4.393,6885.829,7.1,204.299,6.89,NA,NA,25.383,1.1,71.51,75234,2894,6445.114,247.922,NA,NA,"3","1","2","1","2","1","4","1","2","0","2","1","2","1","4","1","1","0","0","0","2","1","1","0","0","0",NA,"33219","1123","89.81","89.81","91.67","91.67","68.59","68.59","76.52","76.52","25","25"
"24","BRA","Brazil","Latin America and the Caribbean",34785.4,2020-07-29,43117.8,962.8,202.8506,4.5296,NA,NA,NA,NA,NA,81.02,212559409,25.04,33.5,8.552,5.06,14103.452,3.4,177.961,8.11,10.1,17.9,NA,2.2,75.88,2610102,91263,12279.4,429.353,NA,NA,"3","0","3","0","2","0","4","0","2","0","2","0","2","0","4","1","1","1","0","0","2","1","2","0","0","0",NA,"1402041","59594","81.02","81.02","80.48","80.48","68.91","68.91","72.35","72.35","50","50"
"25","BRB","Barbados","Latin America and the Caribbean",0,2020-07-29,0.4,0,1.392,0,NA,NA,NA,NA,NA,54.63,287371,664.463,39.8,14.952,9.473,16978.068,NA,170.05,13.57,1.9,14.5,88.469,5.8,79.19,110,7,382.78,24.359,NA,NA,"2","1","2","1","1","1","2","1","1","1","1","1","1","1","1","1","0","1","0","0","2","1","2","2","0","0",NA,"98","7","54.63","54.63","67.86","67.86","56.41","56.41","59.85","59.85","37.5","37.5"
"26","BRN","Brunei","Asia and the Pacific",0,2020-07-29,0,0,0,0,NA,NA,NA,NA,NA,36.11,437483,81.347,32.4,4.591,2.382,71809.251,NA,201.285,12.79,2,30.9,NA,2.7,75.86,141,3,322.298,6.857,NA,NA,"2","1","0",NA,"1","1","3","1","0",NA,"0",NA,"1","1","4","1","0","0","0","0","2","1","2","1","0","0",NA,"141","3","49.07","49.07","60.24","60.24","44.87","44.87","50.76","50.76","12.5","12.5"
"27","BTN","Bhutan","Asia and the Pacific",1.4,2020-07-29,1.6,0,2.0736,0,NA,NA,NA,NA,NA,NA,771612,21.188,28.6,4.885,2.977,8708.597,1.5,217.066,9.75,NA,NA,79.807,1.7,71.78,101,0,130.895,0,NA,NA,"2","1","2","1","2","1","3","1","0",NA,"1","1","2","1","4","2","0","2","0","0","2","1","2","2","0","0",NA,"80","0","71.3","65.74","78.57","75.71","75.64","71.79","73.48","68.94","87.5","87.5"
"28","BWA","Botswana","Africa",27.6,2020-07-29,23.6,0.2,10.0356,0.085,NA,NA,NA,NA,NA,NA,2351625,4.044,25.8,3.941,2.242,15807.374,NA,237.372,4.81,5.7,34.4,NA,1.8,69.59,804,2,341.891,0.85,NA,NA,"2","0","1","1","1","1","3","1","0",NA,"1","1","2","0","4","1","0","2","0","0","2","1","1","1","0","0",NA,"522","1","57.41","57.41","63.81","63.81","55.77","55.77","54.55","54.55","62.5","62.5"
"29","CAF","Central African Rep.","Africa",100.2,2020-07-29,1.4,0,0.2898,0,NA,NA,NA,NA,NA,NA,4829764,7.479,18.3,3.655,2.251,661.24,NA,435.727,6.1,NA,NA,16.603,1,53.28,4605,59,953.463,12.216,NA,NA,"3","1","0",NA,"2","1","3","1","0",NA,"1","1","2","0","4","1","1","0","0","0","2","1","1","1","0","0",NA,"4599","53","64.81","53.7","66.67","57.14","55.13","47.44","60.61","51.52","25","25"
"30","CAN","Canada","North America",316.4,2020-07-29,448.4,8.8,11.8806,0.2328,58674.5,1.5545,47709.25,1.26425,NA,NA,37742157,4.037,41.4,16.984,10.797,44017.591,0.5,105.599,7.37,12,16.6,NA,2.5,82.43,115785,8929,3067.79,236.579,NA,NA,"3","0","2","0","2","0","4","0","0",NA,"1","1","2","0","4","2","1","1","0","0","2","1","3","1","0","0",NA,"104193","8591","67.13","67.13","67.38","67.38","69.55","69.55","68.56","68.56","75","75"
"31","CHE","Switzerland","Europe",57.2,2020-07-29,143.6,0.8,16.5922,0.0926,6200.5,0.71625,5118.5,0.5915,NA,36.57,8654618,214.243,43.1,18.436,12.644,57410.166,NA,99.739,5.59,22.6,28.9,NA,4.53,83.78,34933,1703,4036.342,196.774,NA,NA,"0",NA,"1","0","2","1","2","0","0",NA,"0",NA,"0",NA,"3","2","0","0","0","0","2","1","3","1","0","0",NA,"31631","1685","36.57","36.57","42.86","42.86","42.63","42.63","43.56","43.56","37.5","37.5"
"32","CHL","Chile","Latin America and the Caribbean",4065.8,2020-07-29,1988.8,71.4,104.0374,3.7352,19887.8,1.0404,19035,0.9956,NA,86.57,19116209,24.282,35.4,11.087,6.938,22767.037,1.3,127.993,8.46,34.2,41.5,NA,2.11,80.18,353536,9377,18494.043,490.526,1623992,84.954,"3","1","3","0","2","1","4","0","2","0","3","0","2","0","3","2","1","1","0","0","2","1","2","2","0","0",NA,"326539","8347","86.57","86.57","84.52","84.52","84.29","84.29","85.98","85.98","75","75"
"33","CHN","China","Asia and the Pacific",16.8,2020-07-29,221.6,1.4,0.154,0.001,NA,NA,NA,NA,NA,81.94,1439323774,147.674,38.7,10.641,5.929,15308.712,0.7,261.899,9.74,1.9,48.4,NA,4.34,76.91,87489,4659,60.785,3.237,NA,NA,"3","0","3","0","2","0","4","0","2","0","3","0","2","0","3","1","0","1","0","0","2","1","3","2","0","0",NA,"84785","4641","81.94","81.94","78.1","78.1","77.88","77.88","85.23","85.23","37.5","37.5"
"34","CIV","Ivory Coast","Africa",267,2020-07-29,96.8,1.2,3.6698,0.0456,1116,0.0422,1430.8,0.0542,NA,NA,26378275,76.399,18.7,2.933,1.582,3601.006,28.2,303.74,2.42,NA,NA,19.351,NA,57.78,15978,100,605.726,3.791,100685,3.817,"0","0","2","1","2","1","3","0","1","0","1","0","2","0","3","1","1","1","0","0","2","1","2","1","0","0",NA,"10966","87","57.87","57.87","64.29","66.67","56.73","64.42","57.95","62.5","50","75"
"35","CMR","Cameroon","Africa",0,2020-07-29,109.4,0.4,4.1212,0.015,NA,NA,NA,NA,NA,NA,26545864,50.885,18.8,3.165,1.919,3364.926,23.8,244.661,7.2,NA,NA,2.735,1.3,59.29,17255,387,650.007,14.579,NA,NA,"2","1","0",NA,"2","1","3","1","1","1","0",NA,"1","1","4","1","0","1","0","0","2","1","2","1","0","0",NA,"16157","359","60.19","60.19","72.62","72.62","56.41","56.41","59.85","59.85","37.5","37.5"
"36","COD","Congo (Kinshasa)","Africa",125.4,2020-07-29,42,2.4,0.469,0.0268,373.666666666667,0.00433333333333333,467,0.00533333333333333,NA,57.41,89561404,35.879,17,3.02,1.745,808.133,77.1,318.949,6.1,NA,NA,4.472,NA,60.68,9010,215,100.601,2.401,NA,NA,"3","1","2","0","2","1","3","1","2","0","2","0","2","0","4","0",NA,"2","0","0","2","1","1","1","0","0",NA,"7188","188","80.56","80.56","83.33","83.33","69.87","69.87","73.48","73.48","50","50"
"37","COG","Congo (Brazzaville)","Africa",8.2,2020-07-29,67.6,2,12.2506,0.3626,NA,NA,NA,NA,NA,NA,5518092,15.405,19,3.402,2.063,4881.406,37,344.094,7.2,1.7,52.3,47.964,NA,64.57,3376,61,611.806,11.055,NA,NA,"2","1","2","0","2","1","3","1","1","0","2","1","2","0","4","1","1","2","0","0","2","1","1","1","0","0",NA,"1557","47","73.15","73.15","76.19","76.19","68.59","68.59","67.42","67.42","75","75"
"38","COL","Colombia","Latin America and the Caribbean",3449.4,2020-07-29,9045,308.2,177.761,6.057,31228.3333333333,0.614,29529.6666666667,0.580333333333333,NA,NA,50882884,44.223,32.2,7.646,4.312,13254.949,4.5,124.24,7.44,4.7,13.5,65.386,1.71,77.29,286020,9810,5621.144,192.796,NA,NA,"3","1","2","1","2","1","4","1","1","1","2","1","2","1","4","1","1","2","0","0","2","1","2","2","0","0",NA,"97846","3334","87.04","87.04","91.67","91.67","84.62","84.62","86.36","86.36","75","75"
"39","CPV","Cape Verde","Africa",44.8,2020-07-29,23,0.2,41.3678,0.3598,NA,NA,NA,NA,NA,NA,555988,135.58,25.7,4.46,3.437,6222.554,NA,182.219,2.42,2.1,16.5,NA,2.1,72.98,2373,23,4268.078,41.368,NA,NA,"3","0","2","0","2","1","4","0","1","0","2","1","2","1","4","1","1","2","0","0","2","1","3","2","0","0",NA,"1553","19","79.17","68.06","79.76","76.19","81.73","74.04","82.95","73.86","75","75"
"40","CRI","Costa Rica","Latin America and the Caribbean",155,2020-07-29,538,8.4,105.612,1.6488,1674.5,0.32875,1613.25,0.3165,NA,73.61,5094114,96.079,33.6,9.468,5.694,15524.995,1.3,137.973,8.78,6.4,17.4,83.841,1.13,80.28,17290,140,3394.113,27.483,NA,NA,"3","1","2","1","2","1","3","0","0",NA,"1","1","2","1","4","1","1","1","0","0","2","1","1","1","0","0",NA,"3459","17","73.61","73.61","82.14","82.14","65.06","65.06","67.8","67.8","50","50"
"41","CUB","Cuba","Latin America and the Caribbean",4,2020-07-29,23.8,0,2.1014,0,3433,0.303,3204.25,0.28275,NA,58.33,11326616,110.408,43.1,14.738,9.719,NA,NA,190.968,8.27,17.1,53.3,85.198,5.2,78.8,2597,87,229.283,7.681,NA,NA,"3","1","0","0","2","1","4","1","0","0","0","0","2","1","1","0",NA,"2","0","0","2","1","1","2","0","0",NA,"2446","87","58.33","58.33","60.71","60.71","58.33","58.33","59.85","59.85","50","50"
"42","CYP","Cyprus","Europe",1.2,2020-07-29,6.2,0,7.0786,0,NA,NA,NA,NA,NA,52.78,875899,127.657,37.3,13.416,8.563,32415.132,NA,141.171,9.24,19.6,52.7,NA,3.4,80.98,1084,19,1237.586,21.692,NA,NA,"2","1","0",NA,"1","1","2","1","1","1","1","1","1","1","3","2","1","2","0","0","2","1","3","2","0","0",NA,"999","19","52.78","52.78","64.29","64.29","67.31","67.31","61.36","61.36","100","100"
"43","CZE","Czech Rep.","Europe",216.8,2020-07-29,226,2.2,21.104,0.2054,7201.25,0.6725,5449.75,0.50925,NA,NA,10708982,137.176,43.3,19.027,11.58,32605.906,NA,227.485,6.82,30.5,38.3,NA,6.63,79.38,16342,379,1526.009,35.391,NA,NA,"1","1","1","0","1","1","1","0","0",NA,"0",NA,"1","0","3","2","0","1","0","0","2","1","2","2","0","0",NA,"11954","352","34.72","37.5","50","50","46.47","48.4","43.56","45.83","62.5","62.5"
"44","DEU","Germany","Europe",433.8,2020-07-29,511.8,3.2,6.1086,0.0384,NA,NA,NA,NA,NA,38.056,83783945,237.016,46.6,21.453,15.957,45229.245,NA,156.139,8.31,28.2,33.1,NA,8,81.33,207828,9134,2480.523,109.018,NA,NA,"0","0","0","0","2","1","3","0","0",NA,"0",NA,"0",NA,"3","2","0","0","0","0","2","1","3","1","0","0",NA,"198963","9118","37.5","37.5","39.29","39.29","43.27","43.27","44.32","44.32","37.5","37.5"
"45","DJI","Djibouti","Africa",9.4,2020-07-29,8.4,0,8.502,0,NA,NA,NA,NA,NA,42.59,988002,41.285,25.4,4.213,2.38,2705.406,22.5,258.037,6.05,1.7,24.5,NA,1.4,67.11,5081,58,5142.702,58.704,NA,NA,"2","1","2","1","1","1","3","1","0",NA,"0",NA,"0",NA,"4","1","0","1","0","0","2","1","3","2","0","0",NA,"4955","56","50.93","50.93","61.43","61.43","50.64","50.64","59.85","59.85","37.5","37.5"
"46","DMA","Dominica","Latin America and the Caribbean",0,2020-07-29,0,0,0,0,NA,NA,NA,NA,NA,NA,71991,98.567,NA,NA,NA,9673.367,NA,227.376,11.62,NA,NA,NA,3.8,75,18,0,250.031,0,NA,NA,"3","1","0",NA,"1","1","2","1","0",NA,"0",NA,"0",NA,"4","1","1","2","0","0","2","1","3","2","0","0",NA,"18","0","44.44","44.44","52.38","52.38","57.69","57.69","54.55","54.55","75","75"
"47","DNK","Denmark","Europe",26.4,2020-07-29,57.4,0.4,9.9098,0.0692,16333,2.81975,15986.75,2.76025,NA,60.19,5792203,136.52,42.3,19.677,12.325,46682.515,0.2,114.767,6.41,19.3,18.8,NA,2.5,80.9,13725,615,2369.565,106.177,NA,NA,"2","1","2","1","1","1","2","1","1","1","1","1","1","1","3","2","0","2","0","0","2","1","3","2","0","0",NA,"12832","609","60.19","60.19","75","75","70.51","70.51","67.42","67.42","87.5","87.5"
"48","DOM","Dominican Rep.","Latin America and the Caribbean",685.4,2020-07-29,1403.8,18.2,129.4074,1.6776,NA,NA,NA,NA,NA,75,10847904,222.873,27.6,6.981,4.419,14600.861,1.6,266.653,8.2,8.5,19.1,55.182,1.6,74.08,67915,1146,6260.656,105.643,NA,NA,"3","1","2","1","2","1","3","1","1","1","1","1","2","1","2","1","1","0","0","0","2","1","2","1","0","0",NA,"32568","747","75","75","84.52","84.52","64.74","64.74","71.97","71.97","25","25"
"49","DZA","Algeria","Africa",292.4,2020-07-29,613.4,10.8,13.9882,0.2462,NA,NA,NA,NA,NA,NA,43851043,17.348,29.1,6.211,3.857,13913.839,0.5,278.364,6.73,0.7,30.4,83.741,1.9,76.88,29831,1200,680.28,27.365,NA,NA,"3","1","2","1","2","1","3","1","0",NA,"2","0","2","0","4","0",NA,"2","0","0","2","1","1","2","0","0",NA,"17808","988","74.07","74.07","77.38","77.38","69.23","69.23","72.73","72.73","50","50"
"50","ECU","Ecuador","Latin America and the Caribbean",655.2,2020-07-29,866.8,30,49.1298,1.7004,2397.8,0.1362,2173,0.1232,NA,NA,17643060,66.939,28.1,7.104,4.458,10581.936,3.6,140.448,5.55,2,12.3,80.635,1.5,77.01,84370,5657,4782.05,320.636,181594,10.293,"3","1","2","0","2","1","3","1","2","0","2","1","2","0","4","1","1","2","0","0","2","1","3","1","0","0",NA,"56432","4527","82.41","82.41","84.52","84.52","80.13","80.13","81.06","81.06","75","75"
"51","EGY","Egypt","Africa",1436.2,2020-07-29,434.8,43.2,4.249,0.4224,NA,NA,NA,NA,NA,NA,102334403,97.999,25.3,5.159,2.891,10550.206,1.3,525.432,17.31,0.2,50.1,89.827,1.6,71.99,93757,4774,916.183,46.651,NA,NA,"2","1","2","1","2","1","1","1","1","1","1","1","2","1","0","1","1","1","0","0","2","1","2","2","0","0",NA,"81158","3769","60.19","60.19","73.81","73.81","62.18","62.18","64.39","64.39","50","50"
"52","ERI","Eritrea","Africa",11.8,2020-07-29,3.2,0,0.9024,0,NA,NA,NA,NA,NA,93.52,3546427,44.304,19.3,3.607,2.171,1510.459,NA,311.11,6.05,0.2,11.4,NA,0.7,66.32,279,0,78.671,0,NA,NA,"3","1","3","1","2","1","4","1","2","1","2","1","2","1","3","0",NA,"1","0","0","2","1","1","1","0","0",NA,"215","0","93.52","93.52","96.43","96.43","75","75","84.09","84.09","25","25"
"53","ESP","Spain","Europe",350.8,2020-07-28,3252.25,2.75,69.55975,0.059,NA,NA,NA,NA,NA,NA,46754783,93.105,45.5,19.436,13.799,34272.36,1,99.403,7.17,27.4,31.4,NA,2.97,83.56,285430,28443,6104.83,608.344,NA,NA,"2","1","0","0","2","0","4","0","0",NA,"2","0","2","0","1","2","0","2","0","0","2","1","2","1","0","0",NA,"250545","28385","58.8","58.8","56.67","56.67","63.14","63.14","58.71","58.71","87.5","87.5"
"54","EST","Estonia","Europe",1,2020-07-29,3.6,0,2.7138,0,556.75,0.42,368.25,0.27775,NA,22.22,1326539,31.033,42.7,19.452,13.491,29481.252,0.5,255.569,4.02,24.5,39.3,NA,4.69,78.74,2051,69,1546.129,52.015,NA,NA,"0",NA,"0",NA,"0",NA,"2","1","0",NA,"0",NA,"0",NA,"2","0",NA,"2","0","0","2","1","2","0","0","0",NA,"2014","69","22.22","22.22","30","30","28.21","28.21","24.24","24.24","50","50"
"55","ETH","Ethiopia","Africa",134.2,2020-07-29,784.4,12.6,6.8228,0.1096,NA,NA,NA,NA,NA,NA,114963583,104.957,19.8,3.526,2.063,1729.927,26.7,182.634,7.47,0.4,8.5,7.96,0.3,66.6,16615,263,144.524,2.288,NA,NA,"3","1","2","1","2","1","4","1","2","0","1","1","2","0","2","0",NA,"2","0","0","2","1","0","2","0","0",NA,"5846","103","69.44","69.44","77.38","77.38","63.46","63.46","65.91","65.91","50","50"
"56","FIN","Finland","Europe",8.4,2020-07-29,7,0,1.2632,0,3959,0.714333333333333,4074,0.735,NA,37.96,5540718,18.136,42.8,21.228,13.264,40585.721,NA,153.507,5.76,18.3,22.6,NA,3.28,81.91,7423,329,1339.718,59.379,NA,NA,"1","1","1","1","1","1","2","1","0",NA,"0",NA,"0",NA,"3","2","1","1","0","0","2","1","2","1","0","0",NA,"7293","328","37.96","37.96","48.81","48.81","46.79","46.79","41.67","41.67","75","75"
"57","FJI","Fiji","Asia and the Pacific",0,2020-07-29,0,0,0,0,26,0.029,44,0.049,NA,48.15,896444,49.562,28.6,6.224,3.284,8702.975,1.4,412.82,14.49,10.2,34.8,NA,2.3,67.44,27,0,30.119,0,NA,NA,"0","1","2","1","1","1","2","1","0",NA,"2","1","1","0","4","1","1","2","0","0","2","1","3","2","0","0",NA,"26","0","50.93","48.15","59.52","59.52","62.18","60.26","59.85","57.58","75","75"
"58","FRA","France","Europe",690.6,2020-07-29,1209,12.4,18.5222,0.1898,90458.5,1.386,67751,1.038,NA,31.48,65273512,122.578,42,19.718,13.079,38605.671,NA,86.06,4.77,30.1,35.6,NA,5.98,82.66,186573,30254,2858.326,463.496,NA,NA,"0",NA,"1","1","2","1","1","1","0",NA,"0",NA,"1","0","0","2","1","1","0","0","2","1","2","2","0","0",NA,"166960","29893","31.48","31.48","40.48","40.48","46.15","46.15","40.91","40.91","75","75"
"59","GAB","Gabon","Africa",61.4,2020-07-29,73.6,0,33.0678,0,NA,NA,NA,NA,NA,NA,2225728,7.859,23.1,4.45,2.976,16562.413,3.4,259.967,7.2,NA,NA,NA,6.3,66.47,7352,49,3303.189,22.015,NA,NA,"0",NA,"2","1","2","1","4","1","1","1","1","1","2","0","4","2","0","2","0","0","2","1","3","2","0","0",NA,"5620","46","69.44","69.44","72.62","72.62","76.92","76.92","75","75","87.5","87.5"
"60","GBR","United Kingdom","Europe",643.4,2020-07-29,494.2,52.2,7.2798,0.769,127557.25,1.879,124195.5,1.8295,NA,NA,67886004,272.898,40.8,18.517,12.527,39753.244,0.2,122.137,4.28,20,24.7,NA,2.54,81.32,302301,45999,4453.068,677.592,NA,NA,"3","0","2","1","2","1","4","0","1","1","1","0","1","0","2","2","1","2","0","0","2","1","2","2","0","0",NA,"284271","43730","64.35","64.35","71.43","71.43","72.76","72.76","67.8","67.8","100","100"
"61","GEO","Georgia","Europe",1.8,2020-07-29,5.8,0.2,1.4538,0.0502,NA,NA,NA,NA,NA,NA,3989175,65.032,38.7,14.864,10.244,9745.079,4.2,496.218,7.11,5.3,55.5,NA,2.6,73.77,1160,17,290.787,4.262,NA,NA,"3","1","2","1","1","1","2","1","0",NA,"1","0","1","0","3","1","0","1","0","0","2","1","2","2","0","0",NA,"1006","15","53.7","53.7","64.29","64.29","55.77","55.77","59.09","59.09","37.5","37.5"
"62","GHA","Ghana","Africa",453.6,2020-07-29,658.2,2.8,21.1824,0.09,4584,0.148,3685,0.119,NA,NA,31072945,126.719,21.1,3.385,1.948,4227.63,12,298.245,4.97,0.3,7.7,41.047,0.9,64.07,35142,175,1130.952,5.632,NA,NA,"2","1","1","1","2","1","3","1","0",NA,"0",NA,"0",NA,"4","0",NA,"0","0","0","2","1","3","2","0","0",NA,"18134","139","52.78","52.78","60.71","60.71","51.92","51.92","61.36","61.36","0","0"
"63","GIN","Guinea","Africa",36,2020-07-29,63,0.8,4.7972,0.0608,NA,NA,NA,NA,NA,NA,13132792,51.755,19,3.135,1.733,1998.926,35.3,336.717,2.42,NA,NA,17.45,0.3,61.6,7242,46,551.444,3.503,NA,NA,"3","1","1","1","2","1","3","1","0",NA,"1","1","0","0","2","0",NA,"0","0","0","2","1","2","1","0","0",NA,"6141","34","54.63","54.63","64.29","64.29","46.79","46.79","55.3","55.3","0","0"
"64","GMB","Gambia","Africa",0.8,2020-07-29,25.2,0.4,10.4276,0.1656,NA,NA,NA,NA,NA,NA,2416664,207.566,17.5,2.339,1.417,1561.767,10.1,331.43,1.91,0.7,31.2,7.876,1.1,62.05,403,8,166.759,3.31,NA,NA,"2","0","1","1","2","1","4","0","1","1","1","1","1","1","4","0",NA,"0","0","0","2","1","0","2","0","0",NA,"64","3","67.13","67.13","76.19","76.19","54.17","54.17","64.02","64.02","0","0"
"65","GRC","Greece","Europe",17.6,2020-07-29,47,0.4,4.5092,0.0384,21248,2.03833333333333,7711.33333333333,0.74,NA,NA,10423056,83.479,45.3,20.396,14.524,24574.382,1.5,175.695,4.55,35.3,52,NA,4.21,82.24,4401,203,422.237,19.476,NA,NA,"1","1","0",NA,"0","1","3","1","1","1","1","1","1","1","3","2","0","1","0","0","2","1","3","2","0","0",NA,"3409","193","46.3","46.3","62.62","62.62","57.05","57.05","56.06","56.06","62.5","62.5"
"66","GRL","Greenland","Europe",0,2020-07-29,0.2,0,3.5228,0,NA,NA,NA,NA,NA,33.33,56772,0.137,NA,NA,NA,NA,NA,199.941,2.16,NA,NA,NA,NA,71.7,14,0,246.6,0,NA,NA,"0",NA,"0",NA,"1","1","2","1","0",NA,"0",NA,"1","1","2","0",NA,"0","0","0","2","1","2","2","0","0",NA,"13","0","33.33","33.33","40.48","40.48","35.9","35.9","42.42","42.42","0","0"
"67","GTM","Guatemala","Latin America and the Caribbean",495.4,2020-07-29,866.8,39.6,48.3826,2.2102,NA,NA,NA,NA,NA,NA,17915567,157.834,22.9,4.694,3.016,7423.808,8.7,155.898,10.18,NA,NA,76.665,0.6,74.3,48826,1867,2725.339,104.211,NA,NA,"3","1","3","1","2","1","4","1","2","1","2","1","2","1","4","1","1","2","0","0","2","1","2","0","0","0",NA,"45053","1669","96.3","96.3","100","100","83.33","83.33","84.85","84.85","75","75"
"68","GUM","Guam","Asia and the Pacific",4,2020-07-29,3.8,0,22.5142,0,NA,NA,NA,NA,NA,NA,168783,304.128,31.4,9.551,5.493,NA,NA,310.496,21.52,NA,NA,NA,NA,80.07,356,5,2109.217,29.624,NA,NA,"3","1","2","1","2","1","3","1","1","1","1","1","0",NA,"2","1","0","0","0","0","2","1","3","2","0","0",NA,"312","5","63.89","63.89","77.38","77.38","61.54","61.54","70.45","70.45","12.5","12.5"
"69","GUY","Guyana","Latin America and the Caribbean",6,2020-07-29,8.2,0,10.4254,0,NA,NA,NA,NA,NA,77.31,786559,3.952,26.3,5.305,2.837,7435.047,NA,373.159,11.62,NA,NA,77.159,1.6,69.91,401,20,509.816,25.427,NA,NA,"2","1","2","1","2","1","4","0","1","1","2","0","2","0","4","1","0","1","0","0","2","1","1","2","0","0",NA,"285","19","77.31","77.31","83.33","83.33","69.55","69.55","75.38","75.38","37.5","37.5"
"70","HKG","Hong Kong","Asia and the Pacific",NA,2020-07-28,NA,NA,NA,NA,NA,NA,NA,NA,NA,NA,7496988,7039.714,44.8,16.303,10.158,56054.92,NA,NA,8.33,NA,NA,NA,NA,84.86,NA,NA,NA,NA,593962,79.227,"2","1","0","1","0","1","4","1","0",NA,"1","1","0",NA,"4","2","1","2","0","0","2","1","2","2","0","0",NA,"1365","7","41.67","66.67","57.86","75","57.05","74.36","49.24","69.7","100","100"
"71","HND","Honduras","Latin America and the Caribbean",838.4,2020-07-29,597.6,42.8,60.3354,4.321,NA,NA,NA,NA,NA,96.3,9904608,82.805,24.9,4.652,2.883,4541.795,16,240.208,7.21,2,NA,84.169,0.7,75.27,41426,1312,4182.498,132.464,NA,NA,"3","1","2","1","2","1","4","1","2","1","3","1","2","1","4","2","0","2","0","0","2","1","1","1","0","0",NA,"30867","835","96.3","96.3","96.43","96.43","86.54","86.54","86.36","86.36","87.5","87.5"
"72","HRV","Croatia","Europe",58.8,2020-07-29,55.8,2.2,13.5922,0.5362,1390.4,0.3388,1277.8,0.3112,NA,NA,4105268,73.726,44,19.724,13.053,22669.797,0.7,253.782,5.59,34.3,39.9,NA,5.54,78.49,5071,144,1235.242,35.077,118955,28.976,"2","1","0",NA,"0",NA,"2","1","0",NA,"0",NA,"0",NA,"3","2","0","2","0","0","2","1","3","2","0","0",NA,"4923","119","32.41","26.85","44.29","37.86","51.28","46.79","44.7","37.12","87.5","100"
"73","HTI","Haiti","Latin America and the Caribbean",86.4,2020-07-29,23,1,2.0172,0.0878,NA,NA,NA,NA,NA,28.7,11402533,398.448,24.3,4.8,2.954,1653.173,23.5,430.548,6.65,2.9,23.1,22.863,0.7,64,7412,161,650.031,14.12,NA,NA,"3","1","1","1","2","1","3","1","1","0","1","1","2","0","1","1","1","1","0","0","2","1","1","1","0","0",NA,"6486","146","65.74","65.74","71.43","71.43","59.62","59.62","61.36","61.36","50","50"
"74","HUN","Hungary","Europe",6.4,2020-07-29,14,0,1.4494,0,1842.5,0.1905,2709,0.2805,NA,52.78,9660350,108.043,43.4,18.577,11.976,26777.561,0.5,278.296,7.55,26.8,34.8,NA,7.02,76.88,4505,596,466.339,61.695,NA,NA,"1","1","1","1","1","1","2","1","1","1","1","1","1","1","3","2","0","2","0","0","2","1","1","2","0","0",NA,"4183","596","52.78","52.78","67.86","67.86","60.26","60.26","55.3","55.3","87.5","87.5"
"75","IDN","Indonesia","Asia and the Pacific",1239.6,2020-07-29,1810,68.8,6.6174,0.2514,19531,0.0716666666666667,12169.6,0.0448,NA,62.5,273523621,145.725,29.3,5.319,3.053,11188.744,5.7,342.864,6.32,2.8,76.1,64.204,1.04,71.72,106336,5058,388.763,18.492,866539,3.168,"2","0","2","0","2","0","4","0","0",NA,"2","0","1","1","4","0",NA,"0","0","0","2","1","1","1","0","0",NA,"56385","2876","62.5","62.5","63.81","63.81","49.68","49.68","58.71","58.71","0","0"
"76","IND","India","Asia and the Pacific",19018.4,2020-07-29,50669.6,736.8,36.7168,0.534,508327.8,0.3686,435756.6,0.3158,NA,NA,1380004385,450.419,28.2,5.989,3.414,6426.674,21.2,282.28,10.39,1.9,20.6,59.55,0.53,69.66,1638870,35747,1187.583,25.904,18832970,13.647,"3","1","2","0","2","1","3","1","1","1","2","0","2","0","4","1","1","2","0","0","2","1","2","2","0","0",NA,"585493","17400","77.78","77.78","83.33","83.33","78.21","78.21","78.79","78.79","75","75"
"77","IRL","Ireland","Europe",13.6,2020-07-29,31.6,0,6.3996,0,4749.6,0.962,6407.6,1.2976,NA,38.89,4937796,69.874,38.7,13.928,8.678,67335.293,0.2,126.459,3.28,23,25.7,NA,2.96,82.3,26027,1763,5270.975,357.042,632854,128.165,"2","1","1","1","0",NA,"2","1","1","1","0",NA,"0",NA,"2","2","1","2","0","0","2","1","2","2","0","0",NA,"25473","1764","38.89","38.89","57.38","57.38","55.13","55.13","46.97","46.97","100","100"
"78","IRN","Iran","Asia and the Pacific",2513.2,2020-07-29,2538.2,217,30.2194,2.5838,25740,0.306,25457.4,0.303,NA,NA,83992953,49.831,32.4,5.44,3.182,19082.62,0.2,270.308,9.59,0.8,21.1,NA,1.5,76.68,301530,16569,3589.944,197.267,2456909,29.251,"3","0","2","0","2","0","2","0","1","1","1","1","2","0","3","1","0","2","0","0","2","1","2","2","0","0",NA,"227662","10817","64.35","64.35","71.43","71.43","66.99","66.99","67.8","67.8","62.5","62.5"
"79","IRQ","Iraq","West Asia",1994,2020-07-29,2738,77.4,68.0714,1.9244,NA,NA,NA,NA,NA,92.59,40222503,88.125,20,3.186,1.957,15663.986,2.5,218.612,8.83,NA,NA,94.576,1.4,70.6,121263,4671,3014.805,116.129,NA,NA,"3","1","2","1","2","1","4","1","2","1","2","1","2","1","4","1","1","1","0","0","2","1","2","1","0","0",NA,"49109","1943","92.59","92.59","96.43","96.43","80.77","80.77","86.36","86.36","50","50"
"80","ISL","Iceland","Europe",1.2,2020-07-29,5.8,0,16.9964,0,412.75,1.2095,116.5,0.3415,NA,NA,341250,3.404,37.3,14.431,9.207,46482.958,0.2,117.992,5.31,14.3,15.2,NA,2.91,82.99,1872,10,5485.714,29.304,NA,NA,"0",NA,"0",NA,"2","1","2","1","0",NA,"0",NA,"0",NA,"2","2","1","2","0","0","2","1","3","2","0","0",NA,"1833","10","33.33","33.33","35.71","35.71","53.85","53.85","45.45","45.45","100","100"
"81","ISR","Israel","Europe",568.8,2020-07-29,1940.2,9.2,224.157,1.0628,NA,NA,NA,NA,NA,NA,8655541,402.606,30.6,11.733,7.359,33132.32,0.5,93.32,6.74,15.4,35.4,NA,2.99,82.97,70379,503,8131.092,58.113,NA,NA,"1","1","1","1","2","1","3","1","1","1","2","0","2","0","4","2","1","2","0","0","2","1","1","2","0","0",NA,"25244","320","54.63","54.63","79.76","66.67","59.62","59.62","52.27","52.27","100","100"
"82","ITA","Italy","Europe",174.4,2020-07-29,258.8,6,4.2804,0.0994,27734.4,0.4586,27169.6,0.4494,NA,NA,60461828,205.859,47.9,23.021,16.24,35220.084,2,113.151,4.78,19.8,27.8,NA,3.18,83.51,247158,35132,4087.835,581.061,4061667,67.177,"3","1","2","1","2","1","2","1","0",NA,"1","1","0",NA,"3","1","1","2","0","0","2","1","2","2","0","0",NA,"240578","34767","58.33","58.33","71.43","71.43","64.74","64.74","62.88","62.88","75","75"
"83","JAM","Jamaica","Latin America and the Caribbean",3.6,2020-07-29,5.4,0,1.8238,0,NA,NA,NA,NA,NA,NA,2961161,266.879,31.4,9.684,6.39,8193.571,NA,206.537,11.28,5.3,28.6,66.425,1.7,74.47,864,10,291.777,3.377,NA,NA,"2","1","0",NA,"2","1","3","1","1","1","2","1","2","1","1","1","1","1","0","0","2","1","1","1","0","0",NA,"753","10","64.81","64.81","66.67","66.67","58.97","58.97","60.61","60.61","50","50"
"84","JOR","Jordan","West Asia",9.2,2020-07-29,7.4,0,0.7252,0,NA,NA,NA,NA,NA,NA,10203140,109.285,23.2,3.81,2.361,8337.49,0.1,208.257,11.75,NA,NA,NA,1.4,74.53,1191,11,116.729,1.078,NA,NA,"3","1","0",NA,"2","1","0",NA,"0",NA,"1","1","0",NA,"4","1","0","1","0","0","2","1","2","2","0","0",NA,"1169","10","48.15","48.15","64.29","64.29","51.92","51.92","54.55","54.55","37.5","37.5"
"85","JPN","Japan","Asia and the Pacific",105.2,2020-07-29,878.4,1.8,6.945,0.0144,19481.3333333333,0.154,15440,0.122333333333333,NA,32.41,126476458,347.778,48.2,27.049,18.493,39002.223,NA,79.37,5.72,11.2,33.7,NA,13.05,84.63,33774,1005,267.038,7.946,NA,NA,"1","0","0","1","1","0","0",NA,"0",NA,"0","0","0","0","3","1","1","2","0","0","2","1","2","1","0","0",NA,"29989","982","24.07","24.07","33.33","33.33","37.18","37.18","30.3","30.3","75","75"
"86","KAZ","Kazakhstan","Asia and the Pacific",4263,2020-07-29,1471.6,41.6,78.3738,2.2156,NA,NA,NA,NA,NA,74.07,18776707,6.681,30.6,6.991,4.625,24055.588,0.1,466.792,7.11,7,43.1,98.999,6.7,73.6,89078,793,4744.069,42.233,NA,NA,"2","1","2","1","2","1","4","1","1","1","1","1","1","1","4","1","0","1","0","0","2","1","3","2","0","0",NA,"41065","375","74.07","74.07","83.33","83.33","72.44","72.44","78.79","78.79","37.5","37.5"
"87","KEN","Kenya","Africa",196.4,2020-07-29,654,9.4,12.1626,0.1746,6086.75,0.11325,5009.8,0.0932,NA,NA,53771300,87.324,20,2.686,1.528,2993.028,36.8,218.637,2.92,1.2,20.4,24.651,1.4,66.7,19913,325,370.328,6.044,303959,5.653,"3","1","2","1","2","1","4","1","1","1","2","1","1","1","4","1","1","1","0","0","2","1","3","2","0","0",NA,"6366","148","81.48","81.48","88.1","88.1","79.49","79.49","84.85","84.85","50","50"
"88","KGZ","Kyrgyzstan","Asia and the Pacific",306.2,2020-07-29,598.4,20.2,91.72,3.0964,NA,NA,NA,NA,NA,81.94,6524191,32.333,26.3,4.489,2.882,3393.474,1.4,436.362,7.11,3.6,50.5,89.22,4.5,71.45,35805,1378,5488.037,211.214,NA,NA,"3","1","2","0","2","1","4","0","2","0","2","0","2","0","4","1","1","1","0","0","1","1","2","1","0","0",NA,"5735","62","76.39","76.39","78.57","78.57","69.55","69.55","73.11","73.11","50","50"
"89","KHM","Cambodia","Asia and the Pacific",2.2,2020-07-29,1.8,0,0.1076,0,NA,NA,NA,NA,NA,NA,16718971,90.672,25.6,4.412,2.385,3645.07,NA,270.892,4,2,33.7,66.229,0.8,69.82,234,0,13.996,0,NA,NA,"3","1","2","0","0",NA,"2","1","0",NA,"0",NA,"0",NA,"2","2","0","0","0","0","2","1","1","1","0","0",NA,"141","0","38.89","38.89","51.43","51.43","39.1","39.1","39.39","39.39","37.5","37.5"
"90","KOR","S. Korea","Asia and the Pacific",49.6,2020-07-29,31,0.6,0.6046,0.012,8371.25,0.1635,8338.25,0.16275,NA,48.61,51269183,527.967,43.4,13.914,8.622,35938.374,0.2,85.998,6.8,6.2,40.9,NA,12.27,83.03,14305,301,279.018,5.871,NA,NA,"3","0","2","0","1","0","4","0","0",NA,"1","0","1","0","2","1","1","1","0","0","2","1","3","2","0","0",NA,"13091","289","48.61","48.61","55.48","55.48","56.73","56.73","57.95","57.95","50","50"
"91","KWT","Kuwait","West Asia",681.4,2020-07-29,644,3.2,150.8,0.7494,4107.5,0.9615,3893.5,0.9115,NA,NA,4270563,232.128,33.7,2.345,1.114,65530.537,NA,132.235,15.84,2.7,37,NA,2,75.49,66529,445,15578.508,104.202,NA,NA,"3","1","1","1","2","1","4","1","2","0","2","1","2","0","4","1","0","1","0","0","2","1","2","2","0","0",NA,"46195","408","83.33","83.33","84.52","84.52","76.28","76.28","83.33","83.33","37.5","37.5"
"92","LAO","Laos","Asia and the Pacific",0,2020-07-29,0,0,0,0,NA,NA,NA,NA,NA,NA,7275556,29.715,24.4,4.029,2.322,6397.36,22.7,368.111,4,7.3,51.2,49.839,1.5,67.92,20,0,2.749,0,NA,NA,"0",NA,"0",NA,"0",NA,"0",NA,"0",NA,"0",NA,"0",NA,"2","0",NA,"1","0","0","2","1","1","2","0","0",NA,"19","0","16.67","16.67","21.43","21.43","25.64","25.64","25.76","25.76","25","25"
"93","LBN","Lebanon","West Asia",23.2,2020-07-29,150.4,2,22.0352,0.2932,NA,NA,NA,NA,NA,41.67,6825442,594.561,31.1,8.514,5.43,13367.565,NA,266.591,12.71,26.9,40.7,NA,2.9,78.93,4334,57,634.977,8.351,NA,NA,"2","1","2","1","2","1","4","1","1","1","1","1","1","1","2","0",NA,"1","0","0","2","1","2","1","0","0",NA,"1778","36","68.52","68.52","76.19","76.19","60.26","60.26","66.67","66.67","25","25"
"94","LBR","Liberia","Africa",19.8,2020-07-29,5.2,0.4,1.028,0.0792,NA,NA,NA,NA,NA,56.48,5057677,49.127,19.2,3.057,1.756,752.788,38.6,272.509,2.42,1.5,18.1,1.188,0.8,64.1,1181,73,233.506,14.434,NA,NA,"2","1","2","1","2","1","4","1","1","1","2","0","2","0","2","0",NA,"0","0","0","2","1","1","1","0","0",NA,"1024","37","56.48","56.48","76.19","76.19","45.51","45.51","53.79","53.79","0","0"
"95","LBY","Libya","Africa",25.2,2020-07-29,135,2.6,19.6468,0.3784,NA,NA,NA,NA,NA,87.96,6871287,3.623,29,4.424,2.816,17881.509,NA,341.862,10.43,NA,NA,NA,3.7,72.91,3222,71,468.908,10.333,NA,NA,"3","1","2","1","2","1","4","1","2","1","2","0","2","1","4","0",NA,"0","0","0","2","1","1","1","0","0",NA,"989","27","90.74","90.74","96.43","96.43","69.23","69.23","81.82","81.82","0","0"
"96","LKA","Sri Lanka","Asia and the Pacific",7.4,2020-07-29,8.8,0,0.411,0,NA,NA,NA,NA,NA,NA,21413250,341.955,34.1,10.069,5.331,11669.077,0.7,197.093,10.68,0.3,27,NA,3.6,76.98,2814,11,131.414,0.514,NA,NA,"3","1","0",NA,"2","1","2","1","0",NA,"1","1","0",NA,"4","0",NA,"2","0","0","2","1","2","2","0","0",NA,"2730","11","53.7","53.7","64.29","64.29","57.69","57.69","59.09","59.09","50","50"
"97","LSO","Lesotho","Africa",1.4,2020-07-29,37,0.8,17.2716,0.3736,NA,NA,NA,NA,NA,NA,2142252,73.562,22.2,4.506,2.647,2851.153,59.6,405.126,3.94,0.4,53.9,2.117,NA,54.33,604,13,281.946,6.068,NA,NA,"0","1","1","1","1","1","3","1","1","1","1","1","1","1","4","0",NA,"2","0","0","2","1","1","1","0","0",NA,"359","0","54.63","54.63","66.19","66.19","51.92","51.92","52.27","52.27","50","50"
"98","LTU","Lithuania","Europe",2.2,2020-07-29,12.2,0,4.4814,0,4169.66666666667,1.53166666666667,3644.25,1.33875,NA,NA,2722291,45.135,43.5,19.002,13.778,29524.265,0.7,342.989,3.67,21.3,38,NA,6.56,75.93,2062,80,757.45,29.387,NA,NA,"2","1","0",NA,"0",NA,"2","1","1","1","0",NA,"0",NA,"2","2","1","1","0","0","2","1","2","2","0","0",NA,"1960","79","35.19","35.19","50.24","50.24","48.72","48.72","43.94","43.94","75","75"
"99","LUX","Luxembourg","Europe",29.6,2020-07-29,85.4,0.4,136.427,0.6392,5980,9.553,6304,10.0705,NA,19.44,625976,231.447,39.7,14.312,9.842,94277.965,0.2,128.275,4.42,20.9,26,NA,4.51,82.25,6616,114,10569.095,182.116,NA,NA,"0",NA,"1","1","1","1","0","1","0",NA,"1","1","0",NA,"0","2","1","2","0","0","2","1","3","2","0","0",NA,"5056","110","24.07","24.07","38.1","38.1","47.44","47.44","37.88","37.88","100","87.5"
"100","LVA","Latvia","Europe",1.4,2020-07-29,4.4,0,2.3328,0,1487.6,0.7886,1419.2,0.7526,NA,46.3,1886202,31.212,43.9,19.754,14.136,25063.846,0.7,350.06,4.91,25.6,51,NA,5.57,75.29,1228,31,651.044,16.435,198508,105.242,"2","1","2","1","1","1","2","1","0",NA,"1","1","0",NA,"2","0",NA,"2","0","0","2","1","3","2","0","0",NA,"1122","31","46.3","46.3","59.52","59.52","55.13","55.13","56.06","56.06","50","50"
"101","MAR","Morocco","Africa",239,2020-07-29,722.8,8.2,19.5824,0.2222,20954,0.567333333333333,20311.3333333333,0.550333333333333,NA,64.81,36910558,80.08,29.6,6.769,4.209,7485.013,1,419.146,7.14,0.8,47.1,NA,1.1,76.68,23259,346,630.145,9.374,NA,NA,"3","1","1","1","2","1","3","1","0",NA,"0",NA,"2","0","4","1","1","2","0","0","2","1","3","1","0","0",NA,"14329","235","64.81","64.81","73.81","73.81","67.95","67.95","66.67","66.67","75","75"
"102","MDA","Moldova","Europe",232,2020-07-29,223.8,7.8,55.4788,1.9336,NA,NA,NA,NA,NA,57.41,4033963,123.655,37.6,10.864,6.955,5189.972,0.2,408.502,5.72,5.9,44.6,86.979,5.8,71.9,23947,771,5936.346,191.127,NA,NA,"3","1","2","1","2","1","4","1","2","1","1","1","2","0","2","1","0","1","0","0","1","1","2","2","0","0",NA,"16613","545","57.41","57.41","60.71","60.71","58.33","58.33","62.12","62.12","37.5","37.5"
"103","MDG","Madagascar","Africa",77,2020-07-29,376.4,5.4,13.593,0.1952,NA,NA,NA,NA,NA,68.98,27691019,43.951,19.6,2.929,1.686,1416.44,77.6,405.994,3.94,NA,NA,50.54,0.2,67.04,10748,105,388.14,3.792,NA,NA,"3","0","2","0","2","0","3","0","1","0","2","0","2","0","4","1","1","1","0","0","2","1","1","1","0","0",NA,"2728","33","68.98","68.98","70.24","70.24","61.86","61.86","64.02","64.02","50","50"
"104","MEX","Mexico","Latin America and the Caribbean",4627.6,2020-07-29,6228.6,525.2,48.3088,4.0736,NA,NA,NA,NA,NA,70.83,128932753,66.444,29.3,6.857,4.321,17336.469,2.5,152.783,13.06,6.9,21.4,87.847,1.38,75.05,416179,46000,3227.876,356.775,NA,NA,"3","1","2","0","2","1","3","0","1","0","2","0","2","0","3","0",NA,"0","0","0","2","1","1","1","0","0",NA,"226089","27769","70.83","70.83","75","75","55.45","55.45","65.53","65.53","0","0"
"105","MLI","Mali","Africa",34.8,2020-07-29,3.8,0.2,0.1876,0.0098,NA,NA,NA,NA,NA,52.78,20250834,15.196,16.4,2.519,1.486,2014.306,NA,268.024,2.42,1.6,23,52.232,0.1,59.31,2522,124,124.538,6.123,NA,NA,"2","1","1","1","2","1","3","1","0",NA,"0",NA,"0",NA,"4","1","1","1","0","0","2","1","1","2","0","0",NA,"2358","121","52.78","52.78","60.71","60.71","54.49","54.49","55.3","55.3","50","50"
"106","MMR","Myanmar","Asia and the Pacific",1.2,2020-07-29,0.8,0,0.0146,0,1425.33333333333,0.0263333333333333,1161.66666666667,0.0216666666666667,NA,76.85,54409794,81.721,29.1,5.732,3.12,5591.597,6.4,202.104,4.61,6.3,35.2,79.287,0.9,67.13,353,6,6.488,0.11,NA,NA,"3","1","2","0","2","1","4","1","2","0","2","0","2","0","3","0",NA,"0","0","0","2","1","2","1","0","0",NA,"341","6","80.56","80.56","79.76","79.76","64.74","64.74","76.52","76.52","0","0"
"107","MNG","Mongolia","Asia and the Pacific",0.2,2020-07-29,0.6,0,0.183,0,NA,NA,NA,NA,NA,60.19,3278292,1.98,28.6,4.031,2.421,11840.846,0.5,460.043,4.82,5.5,46.5,71.18,7,69.87,291,0,88.766,0,NA,NA,"3","1","2","1","2","1","0","1","0",NA,"0",NA,"2","0","4","0",NA,"2","0","0","2","1","2","2","0","0",NA,"220","0","60.19","60.19","77.38","77.38","62.18","62.18","64.39","64.39","50","50"
"108","MOZ","Mozambique","Africa",20.2,2020-07-29,38.4,0,1.2288,0,NA,NA,NA,NA,NA,75,31255435,37.728,17.7,3.158,1.87,1136.103,62.9,329.942,3.3,5.1,29.1,12.227,0.7,60.85,1808,11,57.846,0.352,NA,NA,"3","1","2","1","2","1","3","1","1","1","1","1","2","1","2","0",NA,"0","0","0","2","1","1","2","0","0",NA,"889","11","75","75","84.52","84.52","62.18","62.18","73.48","73.48","0","0"
"109","MRT","Mauritania","Africa",82,2020-07-29,40.6,0,8.7316,0,NA,NA,NA,NA,NA,29.63,4649660,4.289,20.3,3.138,1.792,3597.633,6,232.347,2.42,NA,NA,15.95,NA,64.92,6270,156,1348.486,33.551,NA,NA,"2","1","0","1","0","1","0","1","0","1","0","1","0","1","4","1","1","1","0","0","2","1","1","2","0","0",NA,"5446","156","29.63","29.63","39.29","39.29","38.46","38.46","36.36","36.36","50","50"
"110","MUS","Mauritius","Africa",0,2020-07-29,0,0,0,0,NA,NA,NA,NA,NA,NA,1271767,622.962,37.4,10.945,5.884,20292.745,0.5,224.644,22.02,3.2,40.7,NA,3.4,74.99,344,10,270.49,7.863,NA,NA,"0",NA,"0",NA,"0",NA,"0",NA,"0",NA,"0",NA,"0",NA,"4","2","1","1","0","0","2","1","3","2","0","0",NA,"342","10","22.22","22.22","28.57","28.57","42.31","42.31","36.36","36.36","75","75"
"111","MWI","Malawi","Africa",61,2020-07-29,105.6,4.4,5.5202,0.23,NA,NA,NA,NA,NA,57.41,19129955,197.519,18.1,2.979,1.783,1095.042,71.4,227.349,3.94,4.4,24.7,8.704,1.3,64.26,3981,109,208.103,5.698,NA,NA,"3","1","1","1","2","1","3","1","0",NA,"1","1","0",NA,"3","2","1","2","0","0","2","1","1","2","0","0",NA,"3453","16","57.41","57.41","67.86","67.86","65.38","65.38","59.09","59.09","100","100"
"112","MYS","Malaysia","Asia and the Pacific",7.8,2020-07-29,16,0.2,0.4944,0.0062,6599.8,0.204,6625.6,0.2048,NA,NA,32365998,96.254,29.9,6.293,3.407,26808.164,0.1,260.942,16.74,1,42.4,NA,1.9,76.16,8964,124,276.957,3.831,970644,29.99,"2","1","2","1","2","1","2","1","0",NA,"0",NA,"0",NA,"3","1","1","2","0","0","2","1","3","2","0","0",NA,"8658","121","50.93","50.93","60.71","60.71","62.18","62.18","59.85","59.85","75","75"
"113","NAM","Namibia","Africa",24.4,2020-07-29,73,0.6,28.7298,0.2364,NA,NA,NA,NA,NA,NA,2540916,3.078,22,3.552,2.085,9541.808,13.4,243.811,3.94,9.7,34.2,44.6,NA,63.71,2052,10,807.583,3.936,NA,NA,"2","1","2","1","1","1","2","1","0",NA,"1","1","0","0","4","2","1","1","0","0","2","1","1","2","0","0",NA,"668","0","51.85","60.65","66.67","63.81","57.69","63.78","54.55","61.74","75","75"
"114","NER","Niger","Africa",3.2,2020-07-29,2,0,0.0826,0,NA,NA,NA,NA,NA,22.22,24206636,16.955,15.1,2.553,1.378,926,44.5,238.339,2.42,0.1,15.4,8.978,0.3,62.42,1134,69,46.847,2.85,NA,NA,"0",NA,"0",NA,"0",NA,"0",NA,"0",NA,"0",NA,"0",NA,"4","0",NA,"1","0","0","2","1","1","1","0","0",NA,"1099","69","22.22","22.22","28.57","28.57","25.64","25.64","25.76","25.76","25","25"
"115","NGA","Nigeria","Africa",616,2020-07-29,542.4,4.4,2.6312,0.0214,4274,0.021,5827.5,0.02825,NA,68.06,206139587,209.588,18.1,2.751,1.447,5338.454,NA,181.013,2.42,0.6,10.8,41.949,NA,54.69,42689,878,207.088,4.259,NA,NA,"3","1","2","1","2","1","3","0","0",NA,"1","1","1","1","4","0",NA,"0","0","0","2","1","2","2","0","0",NA,"25694","590","68.06","68.06","77.38","77.38","59.94","59.94","70.83","70.83","0","0"
"116","NIC","Nicaragua","Latin America and the Caribbean",69.8,2020-07-29,46.6,1.6,7.0344,0.2416,NA,NA,NA,NA,NA,16.67,6624554,51.667,27.3,5.445,3.519,5321.444,3.2,137.016,11.47,NA,NA,NA,0.9,74.48,3672,116,554.301,17.511,NA,NA,"0",NA,"0",NA,"0",NA,"0",NA,"0",NA,"0",NA,"0",NA,"2","0",NA,"0","0","0","2","1","1","0","0","0",NA,"2519","83","16.67","16.67","21.43","21.43","14.1","14.1","16.67","16.67","0","0"
"117","NLD","Netherlands","Europe",71.8,2020-07-29,246.2,1.4,14.3682,0.0816,NA,NA,NA,NA,NA,39.81,17134873,508.544,43.2,18.779,11.881,48472.545,NA,109.361,5.29,24.4,27.3,NA,3.32,82.28,53963,6147,3149.308,358.742,NA,NA,"1","1","2","1","0",NA,"2","1","0",NA,"1","1","0",NA,"3","2","0","1","0","0","2","1","2","1","0","0",NA,"50273","6135","39.81","39.81","58.57","58.57","46.15","46.15","43.18","43.18","62.5","62.5"
"118","NOR","Norway","Europe",14.4,2020-07-29,17.4,0,3.2096,0,4822,0.889,3273,0.604,NA,34.26,5421242,14.462,39.7,16.821,10.813,64800.057,0.2,114.316,5.31,19.6,20.7,NA,3.6,82.4,9172,255,1691.863,47.037,NA,NA,"0",NA,"1","1","0",NA,"2","1","0",NA,"0",NA,"1","1","3","2","0","2","0","0","2","1","2","2","0","0",NA,"8895","255","34.26","34.26","50.24","50.24","50","50","43.18","43.18","87.5","87.5"
"119","NPL","Nepal","Asia and the Pacific",480.4,2020-07-29,212.8,1.4,7.3036,0.048,5295.66666666667,0.181666666666667,4144,0.142333333333333,NA,78.7,29136808,204.43,25,5.809,3.212,2442.804,15,260.797,7.26,9.5,37.8,47.782,0.3,70.78,19547,52,670.87,1.785,NA,NA,"3","1","2","1","2","1","4","1","2","1","2","1","2","1","4","1","1","1","0","0","2","1","1","2","0","0",NA,"15964","35","92.59","92.59","96.43","96.43","82.05","82.05","87.88","87.88","50","50"
"120","NZL","New Zealand","Asia and the Pacific",1.6,2020-07-29,0.8,0,0.1658,0,2209.75,0.45825,1932.5,0.40075,NA,22.22,4822233,18.206,37.9,15.322,9.72,36085.843,NA,128.797,8.08,14.8,17.2,NA,2.61,82.29,1210,22,250.921,4.562,NA,NA,"0",NA,"0",NA,"0",NA,"0",NA,"0",NA,"0",NA,"0",NA,"4","2","0","2","0","0","2","1","2","2","0","0",NA,"1206","22","22.22","22.22","28.57","28.57","41.67","41.67","33.33","33.33","87.5","87.5"
"121","OMN","Oman","West Asia",1033.6,2020-07-29,860.2,10,168.4478,1.958,2165.5,0.424,3079.5,0.603,NA,94.44,5106622,14.98,30.7,2.355,1.53,37960.709,NA,266.342,12.61,0.5,15.6,97.4,1.6,77.86,79159,421,15501.245,82.442,NA,NA,"3","1","2","1","2","1","4","1","2","1","2","0","2","0","4","2","0","1","0","0","2","1","2","2","0","0",NA,"40070","176","87.96","87.96","91.67","91.67","83.33","83.33","87.12","87.12","62.5","62.5"
"122","PAK","Pakistan","Asia and the Pacific",3545,2020-07-29,1038.4,25.8,4.7008,0.1168,26264.25,0.119,24693.75,0.11175,NA,NA,220892331,255.573,23.5,4.495,2.78,5034.708,4,423.031,8.35,2.8,36.7,59.607,0.6,67.27,278305,5951,1259.912,26.941,NA,NA,"3","1","2","0","2","0","4","1","0",NA,"2","0","2","0","2","1","1","2","0","0","2","1","2","1","0","0",NA,"213470","4395","66.67","66.67","66.67","66.67","66.67","66.67","65.15","65.15","75","75"
"123","PAN","Panama","Latin America and the Caribbean",902.6,2020-07-29,1065.4,24.4,246.9192,5.655,2965.33333333333,0.687333333333333,3131.66666666667,0.726,NA,80.56,4314768,55.133,29.7,7.918,5.03,22267.037,2.2,128.346,8.33,2.4,9.9,NA,2.3,78.51,64191,1397,14877.046,323.772,NA,NA,"3","1","2","1","2","1","3","1","1","1","3","0","2","0","4","1","0","2","0","0","2","1","2","1","0","0",NA,"33550","631","83.33","83.33","88.1","88.1","76.28","76.28","78.79","78.79","62.5","62.5"
"124","PER","Peru","Latin America and the Caribbean",3322.2,2020-07-29,5521.6,198.2,167.4642,6.011,4146,0.125666666666667,4926.75,0.14975,NA,NA,32971846,25.129,29.1,7.151,4.455,12236.706,3.5,85.755,5.95,4.8,NA,NA,1.6,76.74,407492,19021,12358.786,576.886,NA,NA,"3","0","2","0","2","1","4","1","1","0","2","0","2","0","4","1","1","2","0","0","2","1","2","2","0","0",NA,"285213","9677","75.93","75.93","75","75","76.92","76.92","77.27","77.27","75","75"
"125","PHL","Philippines","Asia and the Pacific",889,2020-07-29,2192.4,17.2,20.0072,0.157,35481,0.324,28774.25,0.26275,NA,NA,109581085,351.873,25.2,4.803,2.661,7599.188,NA,370.437,7.07,7.8,40.8,78.463,1,71.23,89374,1983,815.597,18.096,NA,NA,"3","1","2","1","2","1","4","1","1","1","3","0","1","1","2","1","0","1","0","0","2","1","3","2","0","0",NA,"41830","1290","77.78","77.78","80.95","80.95","75","75","81.82","81.82","37.5","37.5"
"126","PNG","Papua New Guinea","Asia and the Pacific",0,2020-07-29,6.6,0.4,0.7378,0.0448,NA,NA,NA,NA,NA,45.37,8947027,18.22,22.6,3.808,2.142,3823.194,NA,561.494,17.65,23.5,48.8,NA,NA,64.5,72,2,8.047,0.224,NA,NA,"0",NA,"1","1","2","1","3","1","1","1","0",NA,"0",NA,"2","1","1","1","0","0","2","1","2","1","0","0",NA,"11","0","45.37","45.37","52.38","52.38","48.08","48.08","47.73","47.73","50","50"
"127","POL","Poland","Europe",254.8,2020-07-29,481.8,9,12.7302,0.2378,20977.75,0.55425,17962,0.4744,NA,NA,37846605,124.027,41.8,16.763,10.202,27216.445,NA,227.331,5.91,23.3,33.1,NA,6.62,78.73,45031,1709,1189.829,45.156,1931574,51.037,"2","1","2","1","0","1","2","1","0","1","0",NA,"0",NA,"3","1","0","1","0","0","2","1","2","2","0","0",NA,"34393","1463","50.93","34.26","65.48","46.43","53.85","42.31","56.82","43.18","37.5","37.5"
"128","PRI","Puerto Rico","Latin America and the Caribbean",117.6,2020-07-29,406.4,2.6,142.0562,0.9088,NA,NA,NA,NA,NA,NA,2860840,376.232,38.2,15.168,9.829,35044.67,NA,108.094,12.9,NA,NA,NA,NA,80.1,16572,214,5792.704,74.803,NA,NA,"3","1","1","1","1","1","3","1","2","1","2","1","0",NA,"3","1","1","2","0","0","2","1","1","2","0","0",NA,"8904","153","66.67","64.81","82.86","79.29","67.95","66.67","66.67","65.15","75","75"
"129","PRT","Portugal","Europe",345.2,2020-07-29,182.6,2.2,17.9078,0.2156,14972.5,1.4685,13488.5,1.323,NA,71.76,10196707,112.371,46.2,21.502,14.924,27936.896,0.5,127.842,9.85,16.3,30,NA,3.39,82.05,50868,1727,4988.669,169.368,NA,NA,"2","0","2","1","2","1","4","0","1","1","2","0","2","0","1","1","1","1","0","0","2","1","3","1","0","0",NA,"42141","1576","71.76","71.76","69.05","76.9","72.76","72.76","72.35","72.35","50","75"
"130","PRY","Paraguay","Latin America and the Caribbean",130.4,2020-07-29,175.8,1.4,24.6478,0.196,1949.75,0.2735,1860.5,0.26125,NA,78.7,7132530,17.144,26.5,6.378,3.833,8827.01,1.7,199.128,8.27,5,21.6,79.602,1.3,74.25,5207,47,730.035,6.59,NA,NA,"2","0","2","1","2","1","3","1","1","1","2","1","2","0","4","1","1","2","0","0","2","1","1","2","0","0",NA,"2221","20","75.93","75.93","80.95","80.95","74.36","74.36","74.24","74.24","75","75"
"131","PSE","West Bank","Europe",235.4,2020-07-29,405.8,2,79.5466,0.392,NA,NA,NA,NA,NA,NA,5101416,778.202,20.4,3.043,1.726,4449.898,1,265.91,10.59,NA,NA,NA,NA,74.05,14838,84,2908.604,16.466,NA,NA,"3","1","2","0","2","1","3","1","2","0","2","0","2","1","4","0",NA,"2","0","0","2","1","1","1","0","0",NA,"2765","11","83.33","83.33","88.1","88.1","71.79","71.79","75.76","75.76","50","50"
"132","QAT","Qatar","West Asia",850,2020-07-29,284.8,1.4,98.8526,0.4858,4587,1.5922,4500.2,1.5618,NA,NA,2881060,227.322,31.9,1.307,0.617,116935.6,NA,176.69,16.52,0.8,26.9,NA,1.2,80.23,110460,171,38340.055,59.353,495377,171.943,"3","1","2","1","2","1","4","1","2","1","1","1","1","1","3","2","0","0","0","0","2","1","3","2","0","0",NA,"96088","164","80.56","80.56","88.1","88.1","76.92","76.92","84.09","84.09","37.5","37.5"
"133","ROU","Romania","Europe",336.8,2020-07-29,1182.6,27.8,61.473,1.445,24926.5,1.2955,24093.25,1.2525,NA,39.81,19237682,85.129,43,17.85,11.69,23313.199,5.7,370.946,9.74,22.9,37.1,NA,6.892,76.05,49591,2304,2577.805,119.765,NA,NA,"2","1","1","1","1","1","2","1","0",NA,"1","1","0",NA,"1","2","0","2","0","0","2","1","2","1","0","0",NA,"26970","1651","39.81","39.81","52.38","52.38","50","50","43.18","43.18","87.5","87.5"
"134","RUS","Russia","Europe",6771,2020-07-29,5555.8,122,38.0706,0.836,254873.75,1.7465,266479.5,1.82625,NA,62.5,145934460,8.823,39.6,14.178,9.393,24765.954,0.1,431.297,6.18,23.4,58.3,NA,8.05,72.58,834499,13802,5718.314,94.577,NA,NA,"2","0","2","0","2","1","4","0","1","0","2","0","2","0","1","1","0","2","0","0","2","1","3","2","0","0",NA,"771546","12342","62.5","62.5","60.71","60.71","68.27","68.27","69.32","69.32","62.5","62.5"
"135","RWA","Rwanda","Africa",35,2020-07-29,48.4,0,3.7368,0,4474,0.3455,4436.5,0.34225,NA,66.67,12952209,494.869,20.3,2.974,1.642,1854.211,56,191.375,4.28,4.7,21,4.617,NA,69.02,1994,5,153.951,0.386,NA,NA,"3","1","0",NA,"2","1","3","1","0",NA,"2","0","2","0","4","0",NA,"1","0","0","2","1","3","2","0","0",NA,"1025","5","66.67","66.67","66.67","66.67","65.38","65.38","72.73","72.73","25","25"
"136","SAU","Saudi Arabia","West Asia",4036.8,2020-07-29,1849.2,33.2,53.1168,0.9538,58717,1.6866,56340,1.6182,NA,71.3,34813867,15.322,31.9,3.295,1.845,49045.411,NA,259.538,17.72,1.8,25.4,NA,2.7,75.13,274219,2869,7876.718,82.41,3341253,95.975,"3","1","1","1","2","1","3","1","1","1","1","1","1","1","4","2","0","1","0","0","2","1","3","2","0","0",NA,"190823","1649","71.3","71.3","83.33","83.33","74.36","74.36","76.52","76.52","62.5","62.5"
"137","SDN","Sudan","Africa",54.8,2020-07-29,38.8,2,0.8848,0.0456,NA,NA,NA,NA,NA,71.3,43849269,23.258,19.7,3.548,2.034,4466.507,NA,431.388,15.67,NA,NA,23.437,0.8,65.31,11496,725,262.171,16.534,NA,NA,"3","1","2","0","2","1","3","1","1","1","1","0","2","0","3","1","1","1","0","0","2","1","2","1","0","0",NA,"10527","668","71.3","71.3","79.76","79.76","62.18","62.18","68.94","68.94","50","50"
"138","SEN","Senegal","Africa",112,2020-07-29,110.8,3.4,6.6174,0.203,1354.25,0.08075,1277.75,0.0765,NA,26.85,16743930,82.328,18.7,3.008,1.796,2470.58,38,241.219,2.42,0.4,16.6,20.859,NA,67.94,10106,204,603.562,12.184,NA,NA,"2","1","0",NA,"2","1","2","1","0",NA,"0",NA,"0",NA,"4","1","0","2","0","0","2","1","2","2","0","0",NA,"6793","145","46.3","46.3","53.57","53.57","54.49","54.49","53.03","53.03","62.5","62.5"
"139","SGP","Singapore","Asia and the Pacific",234.2,2020-07-29,384.2,0,65.6714,0,NA,NA,6402,1.094,NA,NA,5850343,7915.731,42.4,12.922,7.049,85535.383,NA,92.243,10.99,5.2,28.3,NA,2.4,83.62,51809,27,8855.72,4.615,NA,NA,"2","1","1","1","2","1","4","1","0",NA,"1","1","0",NA,"2","2","1","2","0","0","2","1","2","2","0","0",NA,"44664","27","53.7","53.7","60.71","60.71","65.38","65.38","59.09","59.09","100","100"
"140","SLE","Sierra Leone","Africa",16.2,2020-07-29,10,0.2,1.2534,0.025,NA,NA,NA,NA,NA,44.44,7976985,104.7,19.1,2.538,1.285,1390.3,52.2,325.721,2.42,8.8,41.3,19.275,NA,54.7,1818,67,227.906,8.399,NA,NA,"3","1","0",NA,"1","1","2","1","0",NA,"0","1","0",NA,"4","0",NA,"1","0","0","2","1","2","2","0","0",NA,"1542","66","44.44","44.44","52.38","52.38","47.44","47.44","51.52","51.52","25","25"
"141","SLV","El Salvador","Latin America and the Caribbean",220.4,2020-07-29,401.8,9.8,61.9468,1.511,2432.75,0.37475,2450.5,0.37775,NA,NA,6486201,307.811,27.6,8.273,5.417,7292.458,2.2,167.295,8.87,2.5,18.8,90.65,1.3,73.32,16230,439,2502.235,67.682,NA,NA,"3","1","2","1","2","1","3","1","2","1","2","1","2","1","4","1","1","2","0","0","2","1","3","1","0","0",NA,"6438","210","89.81","89.81","96.43","96.43","85.26","85.26","87.12","87.12","75","75"
"142","SMR","San Marino","Europe",0,2020-07-29,0,0,0,0,NA,NA,NA,NA,NA,40.74,33938,556.667,NA,NA,NA,56861.47,NA,NA,5.64,NA,NA,NA,3.8,84.97,716,42,21097.295,1237.551,NA,NA,"3","1","0","1","1","1","0",NA,"0",NA,"0",NA,"0",NA,"0","1","1","1","0","0","2","1","3","2","0","0",NA,"714","42","27.78","27.78","38.1","38.1","42.31","42.31","40.91","40.91","50","50"
"143","SOM","Somalia","Africa",9.2,2020-07-29,6.8,0,0.428,0,NA,NA,NA,NA,NA,31.48,15893219,23.5,16.8,2.731,1.496,NA,NA,365.769,6.05,NA,NA,9.831,0.9,57.4,3212,93,202.099,5.852,NA,NA,"3","0","0",NA,"0",NA,"0",NA,"0",NA,"0",NA,"0",NA,"4","0",NA,"0","0","0","2","1","1","0","0","0",NA,"3178","93","31.48","31.48","39.29","39.29","24.36","24.36","28.79","28.79","0","0"
"144","SRB","Serbia","Europe",238.4,2020-07-29,390,7.8,57.3142,1.1466,9454,1.3896,10024.2,1.4734,NA,42.59,6804596,80.291,41.2,17.366,NA,14048.881,NA,439.415,10.08,37.7,40.2,97.719,5.609,76,25213,565,3705.29,83.032,668984,98.314,"2","1","0",NA,"1","1","0","1","0",NA,"1","0","1","1","0","1","0","1","0","0","2","1","1","2","0","0",NA,"14564","277","42.59","42.59","48.81","48.81","45.51","45.51","46.97","46.97","37.5","37.5"
"145","SSD","S. Sudan","Africa",12.8,2020-07-29,12.8,0.2,1.1434,0.0178,NA,NA,NA,NA,NA,81.94,11193729,NA,19.2,3.441,2.032,1569.888,NA,280.775,10.43,NA,NA,NA,NA,57.85,2322,46,207.438,4.109,NA,NA,"3","1","2","1","2","1","4","0","2","1","1","1","1","1","4","1","1","0","0","0","2","1","1","2","0","0",NA,"2036","41","81.94","81.94","91.67","91.67","70.83","70.83","79.17","79.17","25","25"
"146","SUR","Suriname","Latin America and the Caribbean",28.8,2020-07-29,53.8,0.6,91.7096,1.0228,NA,NA,NA,NA,NA,NA,586634,3.612,29.6,6.933,4.229,13767.119,NA,258.314,12.54,7.4,42.9,67.779,3.1,71.68,1650,26,2812.657,44.321,NA,NA,"3","0","2","0","2","1","4","1","2","1","2","1","2","0","4","0",NA,"2","0","0","2","1","1","1","0","0",NA,"614","18","86.11","86.11","85.71","85.71","73.72","73.72","78.03","78.03","50","50"
"147","SVK","Slovakia","Europe",7.4,2020-07-29,24.8,0,4.5424,0,1617.4,0.2966,1676.4,0.307,NA,NA,5459643,113.128,41.2,15.07,9.167,30155.152,0.7,287.959,7.29,23.1,37.7,NA,5.82,77.54,2265,28,414.862,5.129,261562,47.908,"2","1","0",NA,"0",NA,"2","1","1","0","0",NA,"1","1","2","2","0","2","0","0","2","1","2","2","0","0",NA,"1667","28","37.96","37.96","55","55","52.56","52.56","46.21","46.21","87.5","87.5"
"148","SVN","Slovenia","Europe",10.6,2020-07-29,14.6,0.4,7.0226,0.1924,897.25,0.4315,777.5,0.374,NA,43.52,2078932,102.619,44.5,19.062,12.93,31400.84,NA,153.493,7.25,20.1,25,NA,4.5,81.32,2139,117,1028.894,56.279,NA,NA,"0",NA,"0","1","2","1","2","1","0",NA,"0",NA,"0",NA,"2","1","1","2","0","0","2","1","2","2","0","0",NA,"1600","111","33.33","33.33","35.71","35.71","47.44","47.44","42.42","42.42","75","75"
"149","SWE","Sweden","Europe",912.2,2020-07-29,220.6,8.4,21.8432,0.8316,NA,NA,NA,NA,NA,38.89,10099270,24.718,41,19.985,13.433,46949.283,0.5,133.982,4.79,18.8,18.9,NA,2.22,82.8,80100,5739,7931.266,568.259,NA,NA,"1","0","1","1","1","1","3","1","0",NA,"0",NA,"0",NA,"3","2","0","1","0","0","2","1","2","1","0","0",NA,"71419","5420","38.89","38.89","47.14","47.14","45.51","45.51","42.42","42.42","62.5","62.5"
"150","SWZ","Swaziland","Africa",21.2,2020-07-29,87,2.4,74.9894,2.0688,NA,NA,NA,NA,NA,NA,1160164,79.492,21.5,3.163,1.845,7738.975,NA,333.436,3.94,1.7,16.5,24.097,2.1,60.19,2577,40,2221.238,34.478,NA,NA,"2","1","2","1","2","1","3","1","1","1","2","1","2","1","4","0",NA,"1","0","0","2","1","2","1","0","0",NA,"812","13","80.56","80.56","88.1","88.1","68.59","68.59","76.52","76.52","25","25"
"151","SYC","Seychelles","Africa",0,2020-07-29,0,0,0,0,NA,NA,NA,NA,NA,33.33,98340,208.354,36.2,8.606,5.586,26382.287,1.1,242.648,10.55,7.1,35.7,NA,3.6,73.4,114,0,1159.243,0,NA,NA,"0",NA,"0",NA,"2","1","1","1","0",NA,"0",NA,"0",NA,"3","0",NA,"1","0","0","2","1","2","2","0","0",NA,"100","0","33.33","33.33","39.29","39.29","39.74","39.74","42.42","42.42","25","25"
"152","SYR","Syria","West Asia",7.4,2020-07-29,22.2,1,1.2684,0.057,NA,NA,NA,NA,NA,61.11,17500657,NA,21.7,NA,2.577,NA,NA,376.264,NA,NA,NA,70.598,1.5,72.7,738,41,42.17,2.343,NA,NA,"3","1","2","1","2","1","3","1","0",NA,"1","1","0",NA,"3","0",NA,"0","0","0","2","1","1","0","0","0",NA,"372","14","61.11","61.11","71.43","71.43","44.87","44.87","53.03","53.03","0","0"
"153","TCD","Chad","Africa",0.6,2020-07-29,4,0,0.2436,0,NA,NA,NA,NA,NA,67.59,16425859,11.833,16.7,2.486,1.446,1768.153,38.4,280.995,6.1,NA,NA,5.818,NA,54.24,935,75,56.922,4.566,NA,NA,"2","1","2","1","2","1","3","1","0",NA,"2","0","1","1","4","0",NA,"2","0","0","2","1","1","1","0","0",NA,"889","75","67.59","67.59","73.81","73.81","60.9","60.9","62.88","62.88","50","50"
"154","TGO","Togo","Africa",12.4,2020-07-29,14.8,0.2,1.7878,0.0242,NA,NA,NA,NA,NA,50.93,8278737,143.366,19.4,2.839,1.525,1429.813,49.2,280.033,6.15,0.9,14.2,10.475,0.7,61.04,927,18,111.974,2.174,NA,NA,"2","1","2","1","2","1","2","1","0",NA,"0",NA,"0",NA,"4","1","1","0","0","0","2","1","1","2","0","0",NA,"680","15","53.7","53.7","64.29","64.29","51.28","51.28","56.06","56.06","25","25"
"155","THA","Thailand","Asia and the Pacific",3,2020-07-29,3.8,0,0.0544,0,1975.4,0.0282,2074.8,0.0298,NA,49.07,69799978,135.132,40.1,11.373,6.89,16277.671,0.1,109.861,7.04,1.9,38.8,90.67,2.1,77.15,3310,58,47.421,0.831,375346,5.377,"0",NA,"1","1","1","1","2","1","1","0","1","1","2","0","3","2","1","1","0","0","2","1","2","2","0","0",NA,"3195","58","49.07","49.07","55.95","55.95","58.33","58.33","55.3","55.3","75","75"
"156","TJK","Tajikistan","Asia and the Pacific",52.6,2020-07-29,43.2,0.2,4.5294,0.021,NA,NA,NA,NA,NA,NA,9537642,64.281,23.3,3.466,2.155,2896.913,4.8,427.698,7.11,NA,NA,72.704,4.8,71.1,7366,60,772.308,6.291,NA,NA,"2","1","2","1","2","1","3","1","2","0","0",NA,"2","0","3","1","1","1","0","0","2","1","1","1","0","0",NA,"5954","52","70.37","70.37","79.76","79.76","62.82","62.82","65.15","65.15","50","50"
"157","TLS","East Timor","Asia and the Pacific",0,2020-07-29,0,0,0,0,NA,NA,NA,NA,NA,24.07,1318442,87.176,18,3.556,1.897,6570.102,30.3,335.346,6.86,6.3,78.1,28.178,5.9,69.5,24,0,18.203,0,NA,NA,"2","1","0",NA,"0",NA,"0",NA,"0",NA,"0",NA,"0",NA,"2","2","1","2","0","0","2","1","2","2","0","0",NA,"24","0","24.07","24.07","32.14","32.14","44.87","44.87","34.85","34.85","100","100"
"158","TTO","Trinidad and Tobago","Latin America and the Caribbean",1.4,2020-07-29,3.4,0,2.4294,0,NA,NA,NA,NA,NA,60.19,1399491,266.886,36.2,10.014,5.819,28763.071,NA,228.467,10.97,NA,NA,89.443,3,73.51,164,8,117.185,5.716,NA,NA,"3","1","2","1","2","1","3","1","0",NA,"0",NA,"0",NA,"4","2","1","1","0","0","2","1","2","2","0","0",NA,"133","8","60.19","60.19","67.86","67.86","66.03","58.33","64.39","64.39","75","25"
"159","TUN","Tunisia","Africa",2.4,2020-07-29,14.2,0,1.2016,0,1507.5,0.1275,1014,0.086,NA,NA,11818618,74.228,32.7,8.001,5.075,10849.297,2,318.991,8.52,1.1,65.8,78.687,2.3,76.7,1514,50,128.103,4.231,NA,NA,"2","1","0",NA,"0",NA,"0",NA,"0",NA,"0",NA,"0",NA,"3","1","1","2","0","0","2","1","1","2","0","0",NA,"1174","50","26.85","26.85","35.71","35.71","40.38","40.38","34.09","34.09","75","75"
"160","TUR","Turkey","Europe",1358.2,2020-07-29,943.6,15.6,11.188,0.1852,57033.75,0.67625,50208,0.595,NA,42.59,84339067,104.914,31.6,8.153,5.061,25129.341,0.2,171.285,12.13,14.1,41.1,NA,2.81,77.69,229891,5674,2725.795,67.276,NA,NA,"3","1","1","1","2","1","0",NA,"1","1","2","1","1","1","3","2","0","2","0","0","2","1","2","2","0","0",NA,"199906","5131","63.89","63.89","80.95","80.95","70.51","70.51","67.42","67.42","87.5","87.5"
"161","TWN","Taiwan","Asia and the Pacific",0,2020-07-29,1.8,0,0.0756,0,240.6,0.01,178.6,0.0076,NA,19.44,23816775,NA,42.2,NA,8.353,NA,NA,103.957,NA,NA,NA,NA,NA,80.46,467,7,19.608,0.294,81826,3.436,"0",NA,"0",NA,"0",NA,"0",NA,"0",NA,"0",NA,"0",NA,"3","1","0","1","0","0","2","1","3","2","0","0",NA,NA,NA,"19.44","19.44","25","25","34.62","34.62","34.09","34.09","37.5","37.5"
"162","TZA","Tanzania","Africa",0,2020-07-29,0,0,0,0,NA,NA,NA,NA,NA,19.44,59734213,64.699,17.7,3.108,1.874,2683.304,49.1,217.288,5.75,3.3,26.7,47.953,0.7,65.46,509,21,8.521,0.352,NA,NA,"0",NA,"0",NA,"1","1","3","1","0",NA,"0",NA,"0",NA,"0","0",NA,"0","0","0","1","1","0","1","0","0",NA,"509","21","19.44","19.44","20.95","20.95","17.31","17.31","20.45","20.45","0","0"
"163","UGA","Uganda","Africa",13.6,2020-07-29,8.8,0.2,0.1922,0.0044,2632,0.0575,2176.75,0.0475,NA,76.85,45741000,213.759,16.4,2.168,1.308,1697.707,41.6,213.333,2.5,3.4,16.7,21.222,0.5,63.37,1147,2,25.076,0.044,NA,NA,"3","1","2","1","2","1","4","1","2","0","2","1","2","0","2","0",NA,"1","0","0","2","1","1","1","0","0",NA,"1075","0","79.63","79.63","77.38","77.38","65.38","65.38","72.73","72.73","25","25"
"164","UKR","Ukraine","Europe",998,2020-07-29,973,16.6,22.2484,0.3796,13115.8,0.3,12935.8,0.2958,NA,NA,43733759,77.39,41.4,16.462,11.133,7894.393,0.1,539.849,7.11,13.5,47.4,NA,8.8,72.06,68794,1673,1573.018,38.254,1029220,23.534,"2","1","1","0","0",NA,"0",NA,"1","0","1","1","2","0","1","1","0","1","0","0","2","1","2","2","0","0",NA,"44998","1173","37.96","37.96","46.43","46.43","44.87","44.87","46.21","46.21","37.5","37.5"
"165","URY","Uruguay","Latin America and the Caribbean",5.8,2020-07-29,13.8,0.2,3.9728,0.0576,1987,0.572,2043.25,0.588,NA,NA,3473727,19.751,35.6,14.655,10.361,20551.409,0.1,160.708,6.93,14,19.9,NA,2.8,77.91,1243,35,357.829,10.076,NA,NA,"0",NA,"0","1","0",NA,"0",NA,"0","1","0","1","0","1","2","1","0","2","0","0","2","1","1","1","0","0",NA,"1009","28","16.67","16.67","21.43","21.43","27.56","27.56","21.21","21.21","62.5","62.5"
"166","USA","United States","North America",42424.4,2020-07-29,63397.4,1122,191.5314,3.3898,743867,2.2475,811694.5,2.45225,NA,68.98,331002647,35.608,38.3,15.413,9.732,54225.446,1.2,151.089,10.79,19.1,24.6,NA,2.77,78.86,4495014,152070,13579.994,459.422,NA,NA,"3","0","2","0","2","0","4","0","1","0","2","0","2","0","3","2","0","1","0","0","2","1","3","1","0","0",NA,"2634432","127410","68.98","68.98","68.57","68.57","68.91","68.91","70.08","70.08","62.5","62.5"
"167","UZB","Uzbekistan","Asia and the Pacific",279.8,2020-07-29,666.4,5,19.9106,0.149,NA,NA,NA,NA,NA,NA,33469199,76.134,28.2,4.469,2.873,6253.104,NA,724.417,7.57,1.3,24.7,NA,4,71.72,23558,137,703.871,4.093,NA,NA,"2","1","2","1","2","1","3","1","1","1","2","0","1","0","3","0",NA,"2","0","0","2","1","1","2","0","0",NA,"8627","26","67.59","67.59","77.38","77.38","64.74","64.74","67.42","67.42","50","50"
"168","VEN","Venezuela","Latin America and the Caribbean",253.8,2020-07-29,719.2,4.8,25.292,0.1688,NA,NA,NA,NA,NA,NA,28435943,36.253,29,6.614,3.915,16745.022,NA,204.85,6.47,NA,NA,NA,0.8,72.06,17859,158,628.043,5.556,NA,NA,"3","1","3","0","2","1","4","1","2","0","2","0","2","0","4","0",NA,"2","0","0","2","1","3","0","0","0",NA,"12774","120","87.04","87.04","86.9","86.9","75.64","75.64","80.3","80.3","50","50"
"169","VNM","Vietnam","Asia and the Pacific",0.6,2020-07-29,18.8,0,0.1932,0,NA,NA,NA,NA,NA,62.5,97338583,308.127,32.6,7.15,4.718,6171.884,2,245.465,6,1,45.9,85.847,2.6,75.4,509,0,5.229,0,NA,NA,"0","0","2","1","1","1","3","1","1","1","0","0","1","1","3","1","1","0","0","0","2","1","3","2","0","0",NA,"373","0","51.85","51.85","66.19","66.19","55.13","58.97","60.61","60.61","25","50"
"170","YEM","Yemen","West Asia",16.4,2020-07-29,10.4,2.6,0.3486,0.0874,NA,NA,NA,NA,NA,31.48,29825968,53.508,20.3,2.922,1.583,1479.147,18.8,495.003,5.35,7.6,29.2,49.542,0.7,66.12,1726,487,57.869,16.328,NA,NA,"3","1","1","1","0","1","0",NA,"0",NA,"0","0","0","0","4","0",NA,"0","0","0","1","1","0","0","0","0",NA,"1654","461","31.48","31.48","45.24","45.24","21.79","21.79","25.76","25.76","0","0"
"171","ZAF","South Africa","Africa",6566.8,2020-07-29,9593.8,231.4,161.7604,3.9018,36067.75,0.608,41568,0.70075,NA,NA,59308690,46.754,27.3,5.344,3.053,12294.876,18.9,200.38,5.52,8.1,33.2,43.993,2.32,64.13,482169,7812,8129.82,131.718,NA,NA,"2","1","2","1","2","1","3","1","1","1","2","1","2","1","4","1","1","2","0","0","2","1","3","2","0","0",NA,"151209","2657","80.56","80.56","88.1","88.1","82.69","82.69","84.09","84.09","75","75"
"172","ZMB","Zambia","Africa",19.4,2020-07-29,245.4,3.8,13.3486,0.2068,NA,NA,NA,NA,NA,NA,18383956,22.995,17.7,2.48,1.542,3689.251,57.5,234.499,3.94,3.1,24.7,13.938,2,63.89,5555,149,302.166,8.105,NA,NA,"2","1","2","1","1","1","3","1","0",NA,"0",NA,"1","1","2","0",NA,"1","0","0","2","1","1","2","0","0",NA,"1895","42","50.93","50.93","63.81","63.81","49.36","49.36","53.79","53.79","25","25"
"173","ZWE","Zimbabwe","Africa",8,2020-07-29,131.6,3.8,8.8542,0.2556,1446.25,0.0975,1957.75,0.1315,NA,80.56,14862927,42.729,19.6,2.822,1.882,1899.775,21.4,307.846,1.82,1.6,30.7,36.791,1.7,61.49,3092,53,208.034,3.566,NA,NA,"3","1","1","1","2","1","3","1","1","1","1","1","2","1","4","1","1","0","0","0","2","1","1","1","0","0",NA,"1034","7","76.85","76.85","88.1","88.1","63.46","63.46","70.45","70.45","25","25"
